date,code,open,high,low,close,preclose,volume,amount,turn,tradestatus,pctChg,isST
2022-01-04,sh.600010,2.7776896,2.80745056,2.74792864,2.76776928,2.76776928,548999616,1533193774.39,1.7331,1,0.0,0
2022-01-05,sh.600010,2.76776928,2.76776928,2.60904416,2.64872544,2.76776928,871508176,2350819373.55,2.7512,1,-4.3011,0
2022-01-06,sh.600010,2.6288848,2.74792864,2.61896448,2.69832704,2.64872544,758459504,2067432777.91,2.3943,1,1.8727,0
2022-01-07,sh.600010,2.69832704,2.79753024,2.69832704,2.76776928,2.69832704,1020988160,2852775379.71,3.2231,1,2.5735,0
2022-01-10,sh.600010,2.85705216,2.85705216,2.74792864,2.80745056,2.76776928,1090332224,3084514533.41,3.442,1,1.4337,0
2022-01-11,sh.600010,2.81737088,2.88681312,2.78760992,2.8272912,2.80745056,816981328,2343485297.27,2.5791,1,0.7067,0
2022-01-12,sh.600010,2.70824736,2.728088,2.63880512,2.70824736,2.8272912,1347488496,3641615187.9,4.2538,1,-4.2105,0
2022-01-13,sh.600010,2.6784864,2.68840672,2.6288848,2.64872544,2.70824736,694118816,1855273630.47,2.1912,1,-2.1978,0
2022-01-14,sh.600010,2.63880512,2.63880512,2.5792832,2.60904416,2.64872544,738022736,1937805637.66,2.3298,1,-1.4981,0
2022-01-17,sh.600010,2.5792832,2.58920352,2.50984096,2.53960192,2.60904416,676714928,1734164424.44,2.1363,1,-2.6616,0
2022-01-18,sh.600010,2.53960192,2.58920352,2.5296816,2.55944256,2.53960192,366372560,946392796.4,1.1566,1,0.7813,0
2022-01-19,sh.600010,2.56936288,2.58920352,2.5296816,2.54952224,2.55944256,449149984,1160308053.26,1.4179,1,-0.3876,0
2022-01-20,sh.600010,2.55944256,2.5792832,2.48008,2.50984096,2.54952224,514260704,1307966401.19,1.6234,1,-1.5564,0
2022-01-21,sh.600010,2.49992064,2.49992064,2.44039872,2.44039872,2.50984096,503626432,1253893284.36,1.5899,1,-2.7668,0
2022-01-24,sh.600010,2.4304784,2.50984096,2.40071744,2.49000032,2.44039872,462873008,1151780702.87,1.4612,1,2.0325,0
2022-01-25,sh.600010,2.47015968,2.50984096,2.39079712,2.39079712,2.49000032,520276000,1277060702.71,1.6424,1,-3.9841,0
2022-01-26,sh.600010,2.39079712,2.44039872,2.39079712,2.41063776,2.39079712,326273696,793109804.27,1.03,1,0.8299,0
2022-01-27,sh.600010,2.41063776,2.42055808,2.30151424,2.32135488,2.41063776,554144448,1312851269.49,1.7493,1,-3.7037,0
2022-01-28,sh.600010,2.3312752,2.36103616,2.26183296,2.32135488,2.32135488,513805680,1196331036.6,1.622,1,0.0,0
2022-02-07,sh.600010,2.36103616,2.49000032,2.36103616,2.48008,2.32135488,738713760,1823451693.92,2.332,1,6.8376,0
2022-02-08,sh.600010,2.49000032,2.51976128,2.44039872,2.51976128,2.48008,636558512,1592299204.37,2.0095,1,1.6,0
2022-02-09,sh.600010,2.51976128,2.55944256,2.49992064,2.53960192,2.51976128,640250192,1634768768.11,2.0212,1,0.7874,0
2022-02-10,sh.600010,2.53960192,2.56936288,2.49992064,2.5296816,2.53960192,523310912,1335928761.9,1.652,1,-0.3906,0
2022-02-11,sh.600010,2.50984096,2.53960192,2.48008,2.49000032,2.5296816,440679184,1115494043.73,1.3912,1,-1.5686,0
2022-02-14,sh.600010,2.48008,2.51976128,2.45031904,2.48008,2.49000032,410298464,1028012321.33,1.2952,1,-0.3984,0
2022-02-15,sh.600010,2.49000032,2.50984096,2.46023936,2.48008,2.48008,441242240,1104271499.76,1.3929,1,0.0,0
2022-02-16,sh.600010,2.49000032,2.59912384,2.48008,2.55944256,2.48008,802598000,2069434503.77,2.5337,1,3.2,0
2022-02-17,sh.600010,2.54952224,2.61896448,2.53960192,2.58920352,2.55944256,802799120,2087098672.43,2.5343,1,1.1628,0
2022-02-18,sh.600010,2.55944256,2.59912384,2.54952224,2.58920352,2.58920352,527670176,1369078989.18,1.6658,1,0.0,0
2022-02-21,sh.600010,2.58920352,2.60904416,2.53960192,2.56936288,2.58920352,491260256,1270560187.55,1.5508,1,-0.7663,0
2022-02-22,sh.600010,2.54952224,2.56936288,2.49992064,2.54952224,2.56936288,522396528,1332928444.79,1.6491,1,-0.7722,0
2022-02-23,sh.600010,2.53960192,2.55944256,2.51976128,2.55944256,2.54952224,454525328,1166079288.8,1.4349,1,0.3891,0
2022-02-24,sh.600010,2.53960192,2.60904416,2.45031904,2.49000032,2.55944256,876418064,2237244199.26,2.7667,1,-2.7132,0
2022-02-25,sh.600010,2.50984096,2.728088,2.49992064,2.63880512,2.49000032,1780110976,4750369751.04,5.6195,1,5.9761,0
2022-02-28,sh.600010,2.6288848,2.65864576,2.59912384,2.65864576,2.63880512,951364848,2521211952.0,3.0033,1,0.7519,0
2022-03-01,sh.600010,2.65864576,2.65864576,2.58920352,2.61896448,2.65864576,650504384,1717842272.0,2.0535,1,-1.4925,0
2022-03-02,sh.600010,2.59912384,2.63880512,2.5792832,2.60904416,2.61896448,502243856,1324251408.0,1.5855,1,-0.3788,0
2022-03-03,sh.600010,2.61896448,2.64872544,2.59912384,2.61896448,2.60904416,666794880,1762319200.0,2.105,1,0.3802,0
2022-03-04,sh.600010,2.59912384,2.59912384,2.5296816,2.55944256,2.61896448,640359840,1656679040.0,2.0215,1,-2.2727,0
2022-03-07,sh.600010,2.49992064,2.53960192,2.46023936,2.48008,2.55944256,762827808,1920144080.0,2.4081,1,-3.1008,0
2022-03-08,sh.600010,2.47015968,2.49000032,2.3808768,2.39079712,2.48008,639242432,1559482608.0,2.018,1,-3.6,0
2022-03-09,sh.600010,2.40071744,2.41063776,2.26183296,2.36103616,2.39079712,691209152,1629375536.0,2.182,1,-1.2448,0
2022-03-10,sh.600010,2.39079712,2.41063776,2.36103616,2.3808768,2.36103616,428961152,1031544992.0,1.3542,1,0.8403,0
2022-03-11,sh.600010,2.35111584,2.3808768,2.30151424,2.37095648,2.3808768,453948736,1066690480.0,1.433,1,-0.4167,0
2022-03-14,sh.600010,2.34119552,2.36103616,2.29159392,2.29159392,2.37095648,392275936,919410688.0,1.2384,1,-3.3473,0
2022-03-15,sh.600010,2.27175328,2.27175328,2.11302816,2.11302816,2.29159392,761001984,1680967520.0,2.4024,1,-7.7922,0
2022-03-16,sh.600010,2.14278912,2.232072,2.09318752,2.22215168,2.11302816,723559504,1578340928.0,2.2842,1,5.1643,0
2022-03-17,sh.600010,2.25191264,2.29159392,2.24199232,2.25191264,2.22215168,579542816,1325073536.0,1.8295,1,1.3393,0
2022-03-18,sh.600010,2.25191264,2.27175328,2.232072,2.26183296,2.25191264,407136880,925000851.87,1.2853,1,0.4405,0
2022-03-21,sh.600010,2.27175328,2.2816736,2.232072,2.25191264,2.26183296,399310272,909455945.06,1.2606,1,-0.4386,0
2022-03-22,sh.600010,2.25191264,2.30151424,2.232072,2.2816736,2.25191264,514062704,1178594856.12,1.6228,1,1.3216,0
2022-03-23,sh.600010,2.2816736,2.2816736,2.24199232,2.26183296,2.2816736,378558464,861808735.38,1.195,1,-0.8696,0
2022-03-24,sh.600010,2.24199232,2.26183296,2.21223136,2.232072,2.26183296,368403008,829103692.25,1.163,1,-1.3158,0
2022-03-25,sh.600010,2.24199232,2.25191264,2.20231104,2.20231104,2.232072,296243344,664902887.42,0.9352,1,-1.3333,0
2022-03-28,sh.600010,2.1824704,2.232072,2.14278912,2.232072,2.20231104,393139536,868538990.9,1.2411,1,1.3514,0
2022-03-29,sh.600010,2.22215168,2.232072,2.19239072,2.20231104,2.232072,266637717,594210260.97,0.8417,1,-1.3333,0
2022-03-30,sh.600010,2.22215168,2.25191264,2.21223136,2.232072,2.20231104,345579824,777177799.34,1.0909,1,1.3514,0
2022-03-31,sh.600010,2.232072,2.24199232,2.21223136,2.21223136,2.232072,287151600,643522389.32,0.9065,1,-0.8889,0
2022-04-01,sh.600010,2.20231104,2.232072,2.19239072,2.22215168,2.21223136,267746690,596991608.57,0.8452,1,0.4484,0
2022-04-06,sh.600010,2.22215168,2.31143456,2.20231104,2.30151424,2.22215168,688199696,1571130080.51,2.1725,1,3.5714,0
2022-04-07,sh.600010,2.2816736,2.3312752,2.25191264,2.26183296,2.30151424,640326112,1479443254.54,2.0214,1,-1.7241,0
2022-04-08,sh.600010,2.25191264,2.2816736,2.19239072,2.26183296,2.26183296,503341792,1135864802.05,1.589,1,0.0,0
2022-04-11,sh.600010,2.25191264,2.25191264,2.14278912,2.16262976,2.26183296,617970896,1364365682.1,1.9508,1,-4.386,0
2022-04-12,sh.600010,2.15270944,2.20231104,2.14278912,2.19239072,2.16262976,390880384,856241297.36,1.2339,1,1.3761,0
2022-04-13,sh.600010,2.1824704,2.21223136,2.15270944,2.1824704,2.19239072,373917712,822668395.68,1.1804,1,-0.4525,0
2022-04-14,sh.600010,2.19239072,2.22215168,2.1824704,2.21223136,2.1824704,336111488,746723771.22,1.0611,1,1.3636,0
2022-04-15,sh.600010,2.20231104,2.29159392,2.19239072,2.22215168,2.21223136,531497408,1201715415.8,1.6779,1,0.4484,0
2022-04-18,sh.600010,2.20231104,2.20231104,2.16262976,2.17255008,2.22215168,395152592,865684786.58,1.2474,1,-2.2321,0
2022-04-19,sh.600010,2.17255008,2.20231104,2.16262976,2.19239072,2.17255008,325281312,715744328.74,1.0269,1,0.9132,0
2022-04-20,sh.600010,2.1824704,2.19239072,2.11302816,2.12294848,2.19239072,495394256,1069390238.9,1.5639,1,-3.1674,0
2022-04-21,sh.600010,2.11302816,2.11302816,2.01382496,2.02374528,2.12294848,478742992,994190964.89,1.5113,1,-4.6729,0
2022-04-22,sh.600010,2.00390464,2.01382496,1.95430304,1.99398432,2.02374528,361053312,723379274.05,1.1398,1,-1.4706,0
2022-04-25,sh.600010,1.95430304,1.96422336,1.81541856,1.82533888,1.99398432,584723760,1111532761.52,1.8459,1,-8.4577,0
2022-04-26,sh.600010,1.80549824,1.85509984,1.76581696,1.77573728,1.82533888,495343312,900091150.42,1.5637,1,-2.7174,0
2022-04-27,sh.600010,1.74597632,1.86502016,1.736056,1.86502016,1.77573728,581895328,1057613535.36,1.837,1,5.0279,0
2022-04-28,sh.600010,1.84517952,1.84517952,1.7856576,1.80549824,1.86502016,462063936,844327721.32,1.4587,1,-3.1915,0
2022-04-29,sh.600010,1.81541856,1.87494048,1.81541856,1.86502016,1.80549824,480222384,893014949.7,1.516,1,3.2967,0
2022-05-05,sh.600010,1.84517952,1.8848608,1.8352592,1.84517952,1.86502016,421549728,789799162.16,1.3308,1,-1.0638,0
2022-05-06,sh.600010,1.80549824,1.80549824,1.76581696,1.7856576,1.84517952,325744336,587436101.24,1.0283,1,-3.2258,0
2022-05-09,sh.600010,1.77573728,1.85509984,1.76581696,1.82533888,1.7856576,355500432,655875397.24,1.1223,1,2.2222,0
2022-05-10,sh.600010,1.80549824,1.84517952,1.7856576,1.8352592,1.82533888,364751792,668015028.75,1.1515,1,0.5435,0
2022-05-11,sh.600010,1.8352592,1.92454208,1.82533888,1.87494048,1.8352592,718975648,1361826163.35,2.2697,1,2.1622,0
2022-05-12,sh.600010,1.85509984,1.87494048,1.82533888,1.84517952,1.87494048,538119408,1001736519.78,1.6988,1,-1.5873,0
2022-05-13,sh.600010,1.84517952,1.85509984,1.81541856,1.8352592,1.84517952,298912768,552446786.0,0.9436,1,-0.5376,0
2022-05-16,sh.600010,1.84517952,1.86502016,1.82533888,1.84517952,1.8352592,268731040,499545013.26,0.8483,1,0.5405,0
2022-05-17,sh.600010,1.84517952,1.86502016,1.82533888,1.86502016,1.84517952,337931056,629947837.16,1.0668,1,1.0753,0
2022-05-18,sh.600010,1.85509984,1.86502016,1.8352592,1.84517952,1.86502016,280824560,523235932.26,0.8865,1,-1.0638,0
2022-05-19,sh.600010,1.81541856,1.84517952,1.79557792,1.84517952,1.84517952,389417312,715575234.32,1.2293,1,0.0,0
2022-05-20,sh.600010,1.84517952,1.89478112,1.84517952,1.8848608,1.84517952,573821936,1083442127.14,1.8115,1,2.1505,0
2022-05-23,sh.600010,1.90470144,2.07334688,1.8848608,2.07334688,1.8848608,1332313840,2738238268.05,4.2059,1,10.0,0
2022-05-24,sh.600010,2.07334688,2.14278912,2.0336656,2.0336656,2.07334688,1467055520,3083729364.98,4.6313,1,-1.9139,0
2022-05-25,sh.600010,2.0336656,2.05350624,1.99398432,2.01382496,2.0336656,746085536,1519473062.02,2.3553,1,-0.9756,0
2022-05-26,sh.600010,2.01382496,2.02374528,1.94438272,1.99398432,2.01382496,669083968,1338191649.14,2.1122,1,-0.9852,0
2022-05-27,sh.600010,2.00390464,2.01382496,1.95430304,1.984064,1.99398432,497581872,995788158.09,1.5708,1,-0.4975,0
2022-05-30,sh.600010,1.99398432,2.02374528,1.96422336,1.984064,1.984064,434481648,871283732.09,1.3716,1,0.0,0
2022-05-31,sh.600010,1.984064,2.00390464,1.96422336,1.99398432,1.984064,413057376,826959586.87,1.304,1,0.5,0
2022-06-01,sh.600010,1.99398432,2.00390464,1.96422336,1.984064,1.99398432,361755312,723972892.31,1.142,1,-0.4975,0
2022-06-02,sh.600010,1.96422336,2.07334688,1.96422336,2.05350624,1.984064,815489168,1673540363.62,2.5744,1,3.5,0
2022-06-06,sh.600010,2.0336656,2.12294848,2.02374528,2.11302816,2.05350624,875897264,1832354007.03,2.7651,1,2.8986,0
2022-06-07,sh.600010,2.10310784,2.11302816,2.06342656,2.07334688,2.11302816,594434544,1249287232.6,1.8765,1,-1.8779,0
2022-06-08,sh.600010,2.07334688,2.1328688,2.06342656,2.12294848,2.07334688,797366144,1692170102.7,2.5172,1,2.3923,0
2022-06-09,sh.600010,2.11302816,2.15270944,2.09318752,2.09318752,2.12294848,602451104,1284442083.93,1.9018,1,-1.4019,0
2022-06-10,sh.600010,2.07334688,2.1328688,2.06342656,2.12294848,2.09318752,810516144,1725087157.12,2.5587,1,1.4218,0
2022-06-13,sh.600010,2.10310784,2.17255008,2.09318752,2.14278912,2.12294848,790459376,1700845321.3,2.4954,1,0.9346,0
2022-06-14,sh.600010,2.11302816,2.15270944,2.0832672,2.15270944,2.14278912,629027440,1341691228.22,1.9857,1,0.463,0
2022-06-15,sh.600010,2.14278912,2.16262976,2.10310784,2.12294848,2.15270944,568610736,1221252192.62,1.795,1,-1.3825,0
2022-06-16,sh.600010,2.11302816,2.17255008,2.10310784,2.10310784,2.12294848,593975568,1277417613.66,1.8751,1,-0.9346,0
2022-06-17,sh.600010,2.0832672,2.12294848,2.07334688,2.11302816,2.10310784,470314272,995121029.55,1.4847,1,0.4717,0
2022-06-20,sh.600010,2.10310784,2.12294848,2.0832672,2.0832672,2.11302816,410333152,866570491.28,1.2954,1,-1.4085,0
2022-06-21,sh.600010,2.09318752,2.29159392,2.07334688,2.21223136,2.0832672,1860840768,4148973711.49,5.8744,1,6.1905,0
2022-06-22,sh.600010,2.25191264,2.4304784,2.232072,2.4304784,2.21223136,2321916960,5513695383.71,7.3299,1,9.8655,0
2022-06-23,sh.600010,2.45031904,2.54952224,2.34119552,2.4304784,2.4304784,2694188176,6621622080.63,8.5051,1,0.0,0
2022-06-24,sh.600010,2.3808768,2.66856608,2.37095648,2.61896448,2.4304784,2480146912,6389088772.0,7.8294,1,7.7551,0
2022-06-27,sh.600010,2.64872544,2.68840672,2.56936288,2.6288848,2.61896448,1817037072,4816908085.15,5.7361,1,0.3788,0
2022-06-28,sh.600010,2.6288848,2.63880512,2.45031904,2.49000032,2.6288848,1723308416,4351568276.39,5.4402,1,-5.283,0
2022-06-29,sh.600010,2.47,2.49,2.36,2.37,2.49,1131144752,2729965710.97,3.5708,1,-4.8193,0
2022-06-30,sh.600010,2.38,2.43,2.33,2.35,2.37,936865296,2222948474.38,2.9575,1,-0.8439,0
2022-07-01,sh.600010,2.33,2.54,2.29,2.49,2.35,1324844496,3173623940.78,4.1823,1,5.9574,0
2022-07-04,sh.600010,2.45,2.48,2.4,2.41,2.49,822351168,1997515080.05,2.596,1,-3.2129,0
2022-07-05,sh.600010,2.37,2.52,2.35,2.44,2.41,1083544192,2647893436.76,3.4206,1,1.2448,0
2022-07-06,sh.600010,2.4,2.42,2.35,2.37,2.44,696791376,1656625596.88,2.1997,1,-2.8689,0
2022-07-07,sh.600010,2.35,2.42,2.35,2.37,2.37,549465200,1313411243.54,1.7346,1,0.0,0
2022-07-08,sh.600010,2.38,2.41,2.35,2.36,2.37,481919276,1145352956.2,1.5213,1,-0.4219,0
2022-07-11,sh.600010,2.35,2.36,2.25,2.28,2.36,670296509,1534914038.79,2.116,1,-3.3898,0
2022-07-12,sh.600010,2.27,2.31,2.25,2.26,2.28,430817984,981873700.74,1.36,1,-0.8772,0
2022-07-13,sh.600010,2.26,2.28,2.24,2.26,2.26,359243168,811129969.63,1.1341,1,0.0,0
2022-07-14,sh.600010,2.25,2.26,2.2,2.22,2.26,487601892,1084298133.13,1.5393,1,-1.7699,0
2022-07-15,sh.600010,2.15,2.21,2.11,2.13,2.22,658961616,1420035785.76,2.0802,1,-4.0541,0
2022-07-18,sh.600010,2.09,2.17,2.07,2.16,2.13,519926377,1113184281.79,1.6413,1,1.4085,0
2022-07-19,sh.600010,2.16,2.25,2.15,2.18,2.16,574035627,1265802148.51,1.8121,1,0.9259,0
2022-07-20,sh.600010,2.18,2.21,2.16,2.17,2.18,368297337,800864333.74,1.1627,1,-0.4587,0
2022-07-21,sh.600010,2.16,2.23,2.14,2.18,2.17,581598510,1269495353.09,1.836,1,0.4608,0
2022-07-22,sh.600010,2.17,2.19,2.13,2.14,2.18,389057077,837740092.89,1.2282,1,-1.8349,0
2022-07-25,sh.600010,2.14,2.17,2.13,2.14,2.14,273558978,587467544.35,0.8636,1,0.0,0
2022-07-26,sh.600010,2.14,2.17,2.13,2.16,2.14,248955743,535971405.25,0.7859,1,0.9346,0
2022-07-27,sh.600010,2.15,2.18,2.13,2.16,2.16,318712706,686053336.44,1.0061,1,0.0,0
2022-07-28,sh.600010,2.16,2.21,2.16,2.19,2.16,476317558,1042384753.49,1.5037,1,1.3889,0
2022-07-29,sh.600010,2.21,2.32,2.21,2.26,2.19,833039827,1890206192.93,2.6298,1,3.1963,0
2022-08-01,sh.600010,2.23,2.24,2.17,2.19,2.26,468760238,1027754908.99,1.4798,1,-3.0973,0
2022-08-02,sh.600010,2.16,2.17,2.07,2.1,2.19,622023723,1309653340.1,1.9636,1,-4.1096,0
2022-08-03,sh.600010,2.09,2.17,2.08,2.12,2.1,527926191,1126349053.87,1.6666,1,0.9524,0
2022-08-04,sh.600010,2.12,2.14,2.09,2.11,2.12,323806314,683666693.0,1.0222,1,-0.4717,0
2022-08-05,sh.600010,2.11,2.15,2.09,2.14,2.11,411139407,871967956.0,1.2979,1,1.4218,0
2022-08-08,sh.600010,2.13,2.16,2.12,2.14,2.14,299526105,642075921.0,0.9456,1,0.0,0
2022-08-09,sh.600010,2.14,2.18,2.13,2.16,2.14,290030964,626844908.0,0.9156,1,0.9346,0
2022-08-10,sh.600010,2.16,2.19,2.14,2.15,2.16,363680345,787112942.0,1.1481,1,-0.463,0
2022-08-11,sh.600010,2.15,2.18,2.15,2.17,2.15,294844439,638434602.0,0.9308,1,0.9302,0
2022-08-12,sh.600010,2.17,2.2,2.16,2.19,2.17,312016235,683197502.0,0.985,1,0.9217,0
2022-08-15,sh.600010,2.19,2.24,2.18,2.22,2.19,330651957,733127092.53,1.0438,1,1.3699,0
2022-08-16,sh.600010,2.21,2.22,2.18,2.19,2.22,337460841,739856630.72,1.0653,1,-1.3514,0
2022-08-17,sh.600010,2.19,2.19,2.16,2.18,2.19,254732545,553167887.22,0.8042,1,-0.4566,0
2022-08-18,sh.600010,2.17,2.18,2.13,2.13,2.18,337115758,724565025.35,1.0642,1,-2.2936,0
2022-08-19,sh.600010,2.13,2.15,2.13,2.13,2.13,236772779,506197395.55,0.7475,1,0.0,0
2022-08-22,sh.600010,2.12,2.15,2.1,2.13,2.13,289007428,614709465.92,0.9124,1,0.0,0
2022-08-23,sh.600010,2.13,2.14,2.11,2.12,2.13,236357307,501003328.55,0.7461,1,-0.4695,0
2022-08-24,sh.600010,2.11,2.14,2.07,2.07,2.12,417131636,874530461.66,1.3168,1,-2.3585,0
2022-08-25,sh.600010,2.07,2.09,2.05,2.08,2.07,263902703,546507305.85,0.8331,1,0.4831,0
2022-08-26,sh.600010,2.08,2.11,2.07,2.09,2.08,233751420,488513667.2,0.7379,1,0.4808,0
2022-08-29,sh.600010,2.07,2.08,2.05,2.07,2.09,236223047,486961534.36,0.7457,1,-0.9569,0
2022-08-30,sh.600010,2.06,2.08,2.03,2.04,2.07,247070477,506479150.78,0.78,1,-1.4493,0
2022-08-31,sh.600010,2.03,2.04,1.99,2.01,2.04,339980808,683077449.28,1.0733,1,-1.4706,0
2022-09-01,sh.600010,2.0,2.03,1.99,2.0,2.01,195048729,391911003.2,0.6157,1,-0.4975,0
2022-09-02,sh.600010,2.0,2.01,1.99,2.0,2.0,137527628,275244227.24,0.4342,1,0.0,0
2022-09-05,sh.600010,2.01,2.04,1.99,2.03,2.0,228756070,461706659.01,0.7221,1,1.5,0
2022-09-06,sh.600010,2.04,2.06,2.03,2.05,2.03,232859680,476653383.34,0.7351,1,0.9852,0
2022-09-07,sh.600010,2.05,2.07,2.04,2.06,2.05,206333614,424422530.94,0.6514,1,0.4878,0
2022-09-08,sh.600010,2.06,2.07,2.04,2.04,2.06,227532924,467467096.12,0.7183,1,-0.9709,0
2022-09-09,sh.600010,2.05,2.07,2.04,2.06,2.04,172336671,355025001.29,0.544,1,0.9804,0
2022-09-13,sh.600010,2.07,2.08,2.05,2.05,2.06,161942519,333661005.54,0.5112,1,-0.4854,0
2022-09-14,sh.600010,2.03,2.04,2.01,2.02,2.05,198338224,401651428.96,0.6261,1,-1.4634,0
2022-09-15,sh.600010,2.02,2.04,1.99,2.0,2.02,258782428,519714210.09,0.8169,1,-0.9901,0
2022-09-16,sh.600010,2.0,2.0,1.96,1.96,2.0,285084717,563289258.39,0.9,1,-2.0,0
2022-09-19,sh.600010,1.95,1.96,1.89,1.91,1.96,364851354,699264532.03,1.1518,1,-2.551,0
2022-09-20,sh.600010,1.92,1.98,1.91,1.95,1.91,281670218,548298941.59,0.8892,1,2.0942,0
2022-09-21,sh.600010,1.94,2.0,1.93,1.98,1.95,316729536,622572934.31,0.9999,1,1.5385,0
2022-09-22,sh.600010,1.97,2.01,1.95,1.96,1.98,265573334,525506666.46,0.8384,1,-1.0101,0
2022-09-23,sh.600010,1.96,1.99,1.94,1.96,1.96,243792286,478985607.72,0.7696,1,0.0,0
2022-09-26,sh.600010,1.95,1.95,1.9,1.91,1.96,267975670,515063154.95,0.846,1,-2.551,0
2022-09-27,sh.600010,1.91,1.93,1.88,1.91,1.91,211339577,402092523.92,0.6672,1,0.0,0
2022-09-28,sh.600010,1.9,1.91,1.84,1.84,1.91,256311861,478232102.44,0.8091,1,-3.6649,0
2022-09-29,sh.600010,1.86,1.87,1.82,1.84,1.84,175095962,323987335.72,0.5528,1,0.0,0
2022-09-30,sh.600010,1.84,1.86,1.83,1.84,1.84,130181371,240939582.26,0.411,1,0.0,0
2022-10-10,sh.600010,1.85,1.88,1.82,1.83,1.84,211478632,391651747.42,0.6676,1,-0.5435,0
2022-10-11,sh.600010,1.82,1.84,1.8,1.83,1.83,154992020,282756841.69,0.4893,1,0.0,0
2022-10-12,sh.600010,1.84,1.87,1.81,1.86,1.83,216461848,397844234.01,0.6833,1,1.6393,0
2022-10-13,sh.600010,1.86,1.91,1.85,1.89,1.86,272725001,514553663.11,0.861,1,1.6129,0
2022-10-14,sh.600010,1.9,1.91,1.89,1.89,1.89,211717439,402362275.03,0.6684,1,0.0,0
2022-10-17,sh.600010,1.89,1.93,1.87,1.91,1.89,240873353,456954513.82,0.7604,1,1.0582,0
2022-10-18,sh.600010,1.92,1.93,1.89,1.89,1.91,146625841,278800089.8,0.4629,1,-1.0471,0
2022-10-19,sh.600010,1.89,1.89,1.86,1.86,1.89,164195991,307708498.56,0.5183,1,-1.5873,0
2022-10-20,sh.600010,1.85,1.88,1.84,1.86,1.86,180699339,335776775.75,0.5704,1,0.0,0
2022-10-21,sh.600010,1.86,1.88,1.85,1.85,1.86,154376094,287384402.24,0.4873,1,-0.5376,0
2022-10-24,sh.600010,1.85,1.88,1.81,1.81,1.85,248571240,458048377.18,0.7847,1,-2.1622,0
2022-10-25,sh.600010,1.81,1.83,1.78,1.82,1.81,217572186,392412327.32,0.6868,1,0.5525,0
2022-10-26,sh.600010,1.85,1.94,1.85,1.89,1.82,448190356,851840293.83,1.4149,1,3.8462,0
2022-10-27,sh.600010,1.88,1.9,1.86,1.86,1.89,250395339,470738210.55,0.7905,1,-1.5873,0
2022-10-28,sh.600010,1.81,1.81,1.78,1.79,1.86,296599303,533382195.14,0.9363,1,-3.7634,0
2022-10-31,sh.600010,1.78,1.8,1.75,1.76,1.79,227175794,402814622.28,0.7172,1,-1.676,0
2022-11-01,sh.600010,1.76,1.83,1.76,1.82,1.76,336289433,607329186.24,1.0616,1,3.4091,0
2022-11-02,sh.600010,1.82,1.89,1.8,1.86,1.82,411526431,758509091.62,1.2991,1,2.1978,0
2022-11-03,sh.600010,1.84,1.86,1.82,1.82,1.86,258891007,475451217.52,0.8173,1,-2.1505,0
2022-11-04,sh.600010,1.82,1.88,1.81,1.87,1.82,414082403,769258087.55,1.3072,1,2.7473,0
2022-11-07,sh.600010,1.87,1.97,1.86,1.93,1.87,654611793,1270008643.08,2.0665,1,3.2086,0
2022-11-08,sh.600010,1.93,1.97,1.92,1.94,1.93,417135744,810604476.92,1.3168,1,0.5181,0
2022-11-09,sh.600010,1.98,2.0,1.93,1.93,1.94,334630587,653415953.86,1.0564,1,-0.5155,0
2022-11-10,sh.600010,2.01,2.12,1.99,2.12,1.93,1589676252,3292004730.31,5.0184,1,9.8446,0
2022-11-11,sh.600010,2.16,2.2,2.04,2.06,2.12,1459644789,3081925787.8,4.6079,1,-2.8302,0
2022-11-14,sh.600010,2.05,2.06,1.97,1.98,2.06,789073411,1581239932.16,2.491,1,-3.8835,0
2022-11-15,sh.600010,1.97,2.0,1.96,1.98,1.98,464378882,919571377.78,1.466,1,0.0,0
2022-11-16,sh.600010,1.98,1.99,1.95,1.96,1.98,329720579,648522216.5,1.0409,1,-1.0101,0
2022-11-17,sh.600010,1.95,1.96,1.94,1.95,1.96,275507994,536985793.5,0.8697,1,-0.5102,0
2022-11-18,sh.600010,1.95,2.01,1.95,1.97,1.95,404048530,799253480.81,1.2755,1,1.0256,0
2022-11-21,sh.600010,1.95,1.95,1.92,1.93,1.97,281672720,543960762.54,0.8892,1,-2.0305,0
2022-11-22,sh.600010,1.94,1.98,1.93,1.96,1.93,376961426,736304700.38,1.19,1,1.5544,0
2022-11-23,sh.600010,1.95,1.98,1.94,1.96,1.96,301215692,592716102.29,0.9509,1,0.0,0
2022-11-24,sh.600010,1.97,1.98,1.95,1.95,1.96,195565857,383029365.82,0.6174,1,-0.5102,0
2022-11-25,sh.600010,1.95,1.98,1.94,1.97,1.95,273293127,536852568.48,0.8627,1,1.0256,0
2022-11-28,sh.600010,1.95,1.96,1.92,1.95,1.97,264981463,514038829.42,0.8365,1,-1.0152,0
2022-11-29,sh.600010,1.95,1.99,1.95,1.98,1.95,376576490,744337700.38,1.1888,1,1.5385,0
2022-11-30,sh.600010,1.99,2.01,1.98,1.99,1.98,382038895,762236155.28,1.206,1,0.5051,0
2022-12-01,sh.600010,2.0,2.01,1.98,1.98,1.99,297130064,591707189.73,0.938,1,-0.5025,0
2022-12-02,sh.600010,1.98,1.99,1.97,1.98,1.98,152639261,301645397.26,0.4819,1,0.0,0
2022-12-05,sh.600010,1.99,2.07,1.98,2.06,1.98,681261638,1383795890.83,2.1506,1,4.0404,0
2022-12-06,sh.600010,2.05,2.06,2.02,2.04,2.06,347749934,709496348.12,1.0978,1,-0.9709,0
2022-12-07,sh.600010,2.03,2.03,1.99,2.0,2.04,375925275,754912423.19,1.1867,1,-1.9608,0
2022-12-08,sh.600010,2.0,2.01,1.99,2.0,2.0,184586309,369055836.4,0.5827,1,0.0,0
2022-12-09,sh.600010,2.0,2.03,1.98,2.02,2.0,348223508,699871979.82,1.0993,1,1.0,0
2022-12-12,sh.600010,2.02,2.02,1.96,1.97,2.02,324275848,643935662.84,1.0237,1,-2.4752,0
2022-12-13,sh.600010,2.03,2.09,2.03,2.04,1.97,647788168,1331185852.1,2.045,1,3.5533,0
2022-12-14,sh.600010,2.02,2.04,1.99,2.0,2.04,323743599,651662920.14,1.022,1,-1.9608,0
2022-12-15,sh.600010,1.99,2.0,1.97,1.98,2.0,264407405,523789678.57,0.8347,1,-1.0,0
2022-12-16,sh.600010,1.97,2.0,1.96,1.98,1.98,236812768,469432969.3,0.7476,1,0.0,0
2022-12-19,sh.600010,1.98,1.99,1.92,1.93,1.98,354844956,691119300.02,1.1202,1,-2.5253,0
2022-12-20,sh.600010,1.92,1.95,1.92,1.93,1.93,192778994,372758343.1,0.6086,1,0.0,0
2022-12-21,sh.600010,1.93,1.94,1.91,1.91,1.93,127592809,245334491.0,0.4028,1,-1.0363,0
2022-12-22,sh.600010,1.93,1.93,1.87,1.88,1.91,205942639,390837438.74,0.6501,1,-1.5707,0
2022-12-23,sh.600010,1.87,1.9,1.86,1.89,1.88,130880382,246340351.43,0.4132,1,0.5319,0
2022-12-26,sh.600010,1.89,1.93,1.89,1.91,1.89,142657661,272678513.75,0.4503,1,1.0582,0
2022-12-27,sh.600010,1.93,1.97,1.92,1.96,1.91,231835504,450254928.91,0.7319,1,2.6178,0
2022-12-28,sh.600010,1.96,1.97,1.95,1.96,1.96,163924366,321620073.92,0.5175,1,0.0,0
2022-12-29,sh.600010,1.98,1.99,1.92,1.93,1.96,241655914,470279324.59,0.7629,1,-1.5306,0
2022-12-30,sh.600010,1.93,1.94,1.91,1.92,1.93,148757956,285577033.44,0.4696,1,-0.5181,0
2023-01-03,sh.600010,1.92,1.95,1.91,1.93,1.92,197091166,380977037.43,0.6222,1,0.5208,0
2023-01-04,sh.600010,1.94,1.95,1.93,1.94,1.93,182004753,353127655.67,0.5746,1,0.5181,0
2023-01-05,sh.600010,1.95,1.95,1.93,1.93,1.94,132396034,256569196.51,0.418,1,-0.5155,0
2023-01-06,sh.600010,1.94,1.95,1.93,1.93,1.93,145017452,281107608.22,0.4578,1,0.0,0
2023-01-09,sh.600010,1.94,1.97,1.93,1.95,1.93,350430312,681344158.03,1.1063,1,1.0363,0
2023-01-10,sh.600010,1.94,1.95,1.91,1.91,1.95,196912085,377588880.75,0.6216,1,-2.0513,0
2023-01-11,sh.600010,1.92,1.93,1.91,1.91,1.91,193187402,370333145.56,0.6099,1,0.0,0
2023-01-12,sh.600010,1.91,1.92,1.89,1.9,1.91,195095331,370978609.51,0.6159,1,-0.5236,0
2023-01-13,sh.600010,1.9,1.92,1.89,1.91,1.9,147087534,280238553.57,0.4643,1,0.5263,0
2023-01-16,sh.600010,1.91,1.94,1.91,1.93,1.91,205062769,394553951.79,0.6474,1,1.0471,0
2023-01-17,sh.600010,1.93,1.94,1.91,1.93,1.93,146730165,282429793.58,0.4632,1,0.0,0
2023-01-18,sh.600010,1.93,1.94,1.92,1.93,1.93,144612369,279151592.58,0.4565,1,0.0,0
2023-01-19,sh.600010,1.93,1.95,1.92,1.94,1.93,211525023,409734508.59,0.6678,1,0.5181,0
2023-01-20,sh.600010,1.95,2.01,1.94,2.01,1.94,549512438,1092620844.66,1.7347,1,3.6082,0
2023-01-30,sh.600010,2.03,2.07,2.02,2.04,2.01,547429370,1118578138.03,1.7281,1,1.4925,0
2023-01-31,sh.600010,2.01,2.05,2.0,2.04,2.04,366899452,742008985.25,1.1582,1,0.0,0
2023-02-01,sh.600010,2.04,2.14,2.03,2.1,2.04,752503916,1580002493.48,2.3755,1,2.9412,0
2023-02-02,sh.600010,2.1,2.13,2.07,2.1,2.1,523480654,1099650058.39,1.6525,1,0.0,0
2023-02-03,sh.600010,2.09,2.1,2.06,2.09,2.1,417494416,866651332.46,1.318,1,-0.4762,0
2023-02-06,sh.600010,2.07,2.09,2.04,2.05,2.09,263321657,543117054.82,0.8313,1,-1.9139,0
2023-02-07,sh.600010,2.06,2.08,2.05,2.06,2.05,221236490,456365657.24,0.6984,1,0.4878,0
2023-02-08,sh.600010,2.07,2.08,2.04,2.04,2.06,182313450,374996474.03,0.5755,1,-0.9709,0
2023-02-09,sh.600010,2.05,2.07,2.04,2.07,2.04,191040547,393621942.18,0.6031,1,1.4706,0
2023-02-10,sh.600010,2.06,2.07,2.04,2.04,2.07,158848616,325805717.47,0.5015,1,-1.4493,0
2023-02-13,sh.600010,2.04,2.05,2.03,2.04,2.04,222669925,454286810.34,0.7029,1,0.0,0
2023-02-14,sh.600010,2.05,2.07,2.04,2.06,2.04,205824848,423265909.8,0.6498,1,0.9804,0
2023-02-15,sh.600010,2.06,2.06,2.02,2.03,2.06,275594020,561553071.8,0.87,1,-1.4563,0
2023-02-16,sh.600010,2.03,2.05,1.98,1.99,2.03,391403304,790278008.61,1.2356,1,-1.9704,0
2023-02-17,sh.600010,2.0,2.04,1.99,2.0,1.99,313654989,632933226.57,0.9902,1,0.5025,0
2023-02-20,sh.600010,2.01,2.04,2.0,2.04,2.0,306052858,620074544.37,0.9662,1,2.0,0
2023-02-21,sh.600010,2.04,2.1,2.03,2.1,2.04,631369432,1311719573.51,1.9931,1,2.9412,0
2023-02-22,sh.600010,2.09,2.09,2.06,2.07,2.1,252336943,523887187.37,0.7966,1,-1.4286,0
2023-02-23,sh.600010,2.08,2.08,2.05,2.06,2.07,199607787,411601906.85,0.6301,1,-0.4831,0
2023-02-24,sh.600010,2.05,2.06,2.02,2.04,2.06,280167720,571410395.4,0.8844,1,-0.9709,0
2023-02-27,sh.600010,2.04,2.1,2.03,2.05,2.04,386017576,799891084.94,1.2186,1,0.4902,0
2023-02-28,sh.600010,2.05,2.06,2.03,2.05,2.05,244155966,499021391.42,0.7708,1,0.0,0
2023-03-01,sh.600010,2.06,2.08,2.04,2.07,2.05,237187193,489216155.08,0.7488,1,0.9756,0
2023-03-02,sh.600010,2.04,2.06,2.03,2.04,2.07,281600677,575433056.24,0.889,1,-1.4493,0
2023-03-03,sh.600010,2.05,2.07,2.04,2.06,2.04,249824795,513463423.56,0.7887,1,0.9804,0
2023-03-06,sh.600010,2.07,2.07,2.04,2.04,2.06,175884453,360142528.15,0.5552,1,-0.9709,0
2023-03-07,sh.600010,2.04,2.05,2.0,2.01,2.04,315442225,639977124.71,0.9958,1,-1.4706,0
2023-03-08,sh.600010,2.0,2.02,1.99,2.01,2.01,226259281,453453492.4,0.7143,1,0.0,0
2023-03-09,sh.600010,2.01,2.02,1.99,2.0,2.01,198641316,397671819.74,0.6271,1,-0.4975,0
2023-03-10,sh.600010,1.99,1.99,1.96,1.96,2.0,291559563,574481089.88,0.9204,1,-2.0,0
2023-03-13,sh.600010,1.97,1.99,1.95,1.96,1.96,242026545,475625250.07,0.764,1,0.0,0
2023-03-14,sh.600010,1.96,1.98,1.92,1.94,1.96,287304918,559607695.65,0.907,1,-1.0204,0
2023-03-15,sh.600010,1.96,1.98,1.95,1.97,1.94,249518125,490868395.79,0.7877,1,1.5464,0
2023-03-16,sh.600010,1.96,1.97,1.92,1.92,1.97,286508602,555148119.76,0.9045,1,-2.5381,0
2023-03-17,sh.600010,1.93,1.95,1.92,1.93,1.92,204412503,395821531.87,0.6453,1,0.5208,0
2023-03-20,sh.600010,1.93,1.95,1.92,1.92,1.93,205754914,397888017.71,0.6495,1,-0.5181,0
2023-03-21,sh.600010,1.93,1.94,1.92,1.93,1.92,183138236,352903848.99,0.5781,1,0.5208,0
2023-03-22,sh.600010,1.94,1.94,1.92,1.93,1.93,148392005,286202333.41,0.4685,1,0.0,0
2023-03-23,sh.600010,1.93,1.93,1.91,1.92,1.93,209630340,402210308.97,0.6618,1,-0.5181,0
2023-03-24,sh.600010,1.92,1.93,1.91,1.92,1.92,169109883,324079394.52,0.5339,1,0.0,0
2023-03-27,sh.600010,1.92,1.93,1.89,1.9,1.92,253353596,482480170.9,0.7998,1,-1.0417,0
2023-03-28,sh.600010,1.9,1.91,1.88,1.88,1.9,176544504,333363315.0,0.5573,1,-1.0526,0
2023-03-29,sh.600010,1.89,1.9,1.87,1.87,1.88,154878819,291735264.91,0.4889,1,-0.5319,0
2023-03-30,sh.600010,1.87,1.88,1.84,1.87,1.87,256775488,478053077.86,0.8106,1,0.0,0
2023-03-31,sh.600010,1.88,1.9,1.87,1.89,1.87,144461880,272769748.4,0.456,1,1.0695,0
2023-04-03,sh.600010,1.89,1.91,1.88,1.9,1.89,162751109,308833466.27,0.5138,1,0.5291,0
2023-04-04,sh.600010,1.9,1.92,1.89,1.9,1.9,167972406,319649313.34,0.5303,1,0.0,0
2023-04-06,sh.600010,1.89,1.9,1.87,1.89,1.9,197866263,373126241.08,0.6246,1,-0.5263,0
2023-04-07,sh.600010,1.89,1.9,1.88,1.89,1.89,108521337,204784794.08,0.3426,1,0.0,0
2023-04-10,sh.600010,1.88,1.88,1.86,1.87,1.89,159464600,298416055.4,0.5034,1,-1.0582,0
2023-04-11,sh.600010,1.86,1.89,1.86,1.89,1.87,165036287,309727376.96,0.521,1,1.0695,0
2023-04-12,sh.600010,1.89,1.91,1.88,1.9,1.89,171597063,326031478.08,0.5417,1,0.5291,0
2023-04-13,sh.600010,1.9,1.92,1.89,1.89,1.9,179235020,341458063.0,0.5658,1,-0.5263,0
2023-04-14,sh.600010,1.89,1.91,1.89,1.9,1.89,162179748,307874028.39,0.512,1,0.5291,0
2023-04-17,sh.600010,1.9,1.92,1.89,1.92,1.9,218271294,416532549.85,0.689,1,1.0526,0
2023-04-18,sh.600010,1.92,1.92,1.9,1.9,1.92,118279758,225581647.97,0.3734,1,-1.0417,0
2023-04-19,sh.600010,1.91,1.91,1.89,1.89,1.9,142050120,269720592.8,0.4484,1,-0.5263,0
2023-04-20,sh.600010,1.89,1.9,1.87,1.88,1.89,190799742,358273977.54,0.6023,1,-0.5291,0
2023-04-21,sh.600010,1.87,1.89,1.84,1.84,1.88,263846228,490427660.97,0.8329,1,-2.1277,0
2023-04-24,sh.600010,1.84,1.84,1.8,1.81,1.84,216533529,392415770.1,0.6836,1,-1.6304,0
2023-04-25,sh.600010,1.81,1.82,1.77,1.78,1.81,216032051,386369423.17,0.682,1,-1.6575,0
2023-04-26,sh.600010,1.77,1.81,1.77,1.8,1.78,161246368,288959960.43,0.509,1,1.1236,0
2023-04-27,sh.600010,1.8,1.81,1.79,1.79,1.8,128201859,230432352.21,0.4047,1,-0.5556,0
2023-04-28,sh.600010,1.8,1.82,1.8,1.82,1.79,177687271,322144795.31,0.5609,1,1.676,0
2023-05-04,sh.600010,1.81,1.83,1.81,1.82,1.82,146403880,266728470.0,0.4622,1,0.0,0
2023-05-05,sh.600010,1.82,1.83,1.8,1.8,1.82,180757124,327261723.2,0.5706,1,-1.0989,0
2023-05-08,sh.600010,1.8,1.86,1.8,1.85,1.8,311874316,572638227.0,0.9845,1,2.7778,0
2023-05-09,sh.600010,1.87,1.91,1.86,1.87,1.85,449901275,849332587.44,1.4284,1,1.0811,0
2023-05-10,sh.600010,1.87,1.89,1.86,1.87,1.87,225230798,422236244.85,0.7151,1,0.0,0
2023-05-11,sh.600010,1.87,1.88,1.85,1.86,1.87,148575694,276276315.1,0.4717,1,-0.5348,0
2023-05-12,sh.600010,1.86,1.86,1.83,1.83,1.86,154053882,283709036.86,0.4891,1,-1.6129,0
2023-05-15,sh.600010,1.83,1.86,1.82,1.86,1.83,166391843,306680192.95,0.5283,1,1.6393,0
2023-05-16,sh.600010,1.86,1.86,1.83,1.84,1.86,159374402,293783046.7,0.506,1,-1.0753,0
2023-05-17,sh.600010,1.83,1.86,1.83,1.84,1.84,117719309,216974407.28,0.3737,1,0.0,0
2023-05-18,sh.600010,1.85,1.86,1.83,1.83,1.84,120748532,222451321.16,0.3834,1,-0.5435,0
2023-05-19,sh.600010,1.83,1.85,1.82,1.84,1.83,143092858,262261546.33,0.4543,1,0.5464,0
2023-05-22,sh.600010,1.83,1.88,1.83,1.86,1.84,227465046,421871255.06,0.7222,1,1.087,0
2023-05-23,sh.600010,1.85,1.86,1.82,1.83,1.86,140257235,257762642.4,0.4453,1,-1.6129,0
2023-05-24,sh.600010,1.83,1.84,1.82,1.83,1.83,109559193,200194283.68,0.3478,1,0.0,0
2023-05-25,sh.600010,1.82,1.84,1.81,1.83,1.83,161862247,294752223.57,0.5139,1,0.0,0
2023-05-26,sh.600010,1.83,1.84,1.81,1.83,1.83,91029492,166206393.72,0.289,1,0.0,0
2023-05-29,sh.600010,1.83,1.84,1.82,1.83,1.83,88730477,162174243.94,0.2817,1,0.0,0
2023-05-30,sh.600010,1.82,1.83,1.8,1.81,1.83,134327253,243387941.19,0.4265,1,-1.0929,0
2023-05-31,sh.600010,1.81,1.83,1.8,1.83,1.81,163435808,296456726.17,0.5189,1,1.105,0
2023-06-01,sh.600010,1.82,1.85,1.81,1.84,1.83,150535654,276241351.7,0.4779,1,0.5464,0
2023-06-02,sh.600010,1.85,1.87,1.84,1.86,1.84,211191993,392465311.07,0.6705,1,1.087,0
2023-06-05,sh.600010,1.86,1.87,1.84,1.85,1.86,114182020,211253593.8,0.3625,1,-0.5376,0
2023-06-06,sh.600010,1.84,1.85,1.81,1.81,1.85,187236519,341911562.1,0.5945,1,-2.1622,0
2023-06-07,sh.600010,1.81,1.83,1.8,1.81,1.81,105148014,190507266.1,0.3338,1,0.0,0
2023-06-08,sh.600010,1.81,1.82,1.8,1.81,1.81,101924714,184437183.14,0.3236,1,0.0,0
2023-06-09,sh.600010,1.81,1.83,1.81,1.82,1.81,96325611,175367821.42,0.3058,1,0.5525,0
2023-06-12,sh.600010,1.82,1.83,1.81,1.81,1.82,111013582,201812528.26,0.3525,1,-0.5495,0
2023-06-13,sh.600010,1.82,1.82,1.8,1.81,1.81,107582026,194682276.66,0.3416,1,0.0,0
2023-06-14,sh.600010,1.81,1.82,1.8,1.8,1.81,86093035,155633977.0,0.2733,1,-0.5525,0
2023-06-15,sh.600010,1.8,1.82,1.8,1.82,1.8,101385794,183518664.62,0.3219,1,1.1111,0
2023-06-16,sh.600010,1.82,1.83,1.81,1.83,1.82,110995805,202547762.3,0.3524,1,0.5495,0
2023-06-19,sh.600010,1.83,1.83,1.81,1.81,1.83,106577498,193852271.38,0.3384,1,-1.0929,0
2023-06-20,sh.600010,1.82,1.82,1.8,1.81,1.81,144318951,260989117.98,0.4582,1,0.0,0
2023-06-21,sh.600010,1.81,1.81,1.79,1.79,1.81,131155453,236060548.95,0.4164,1,-1.105,0
2023-06-26,sh.600010,1.79,1.79,1.77,1.78,1.79,129000283,229711455.54,0.4096,1,-0.5587,0
2023-06-27,sh.600010,1.78,1.8,1.77,1.79,1.78,164812376,294747346.17,0.5233,1,0.5618,0
2023-06-28,sh.600010,1.79,1.8,1.77,1.78,1.79,139863666,249207641.68,0.4441,1,-0.5587,0
2023-06-29,sh.600010,1.78,1.79,1.77,1.78,1.78,79867763,142315420.14,0.2536,1,0.0,0
2023-06-30,sh.600010,1.78,1.8,1.78,1.79,1.78,113755249,203867258.22,0.3612,1,0.5618,0
2023-07-03,sh.600010,1.8,1.82,1.79,1.8,1.79,181557235,327861033.21,0.5764,1,0.5587,0
2023-07-04,sh.600010,1.81,1.84,1.81,1.83,1.8,242316860,441552250.2,0.7693,1,1.6667,0
2023-07-05,sh.600010,1.81,1.92,1.81,1.91,1.83,768541681,1442568901.49,2.44,1,4.3716,0
2023-07-06,sh.600010,1.89,1.9,1.84,1.85,1.91,384588684,714538723.67,1.221,1,-3.1414,0
2023-07-07,sh.600010,1.84,1.87,1.83,1.85,1.85,294899824,544878363.76,0.9363,1,0.0,0
2023-07-10,sh.600010,1.83,1.85,1.82,1.84,1.85,216168154,396866702.84,0.6863,1,-0.5405,0
2023-07-11,sh.600010,1.84,1.85,1.82,1.83,1.84,205260483,375751462.09,0.6517,1,-0.5435,0
2023-07-12,sh.600010,1.84,1.84,1.82,1.82,1.83,141057157,257782663.59,0.4478,1,-0.5464,0
2023-07-13,sh.600010,1.83,1.84,1.82,1.83,1.82,145649096,266600778.51,0.4624,1,0.5495,0
2023-07-14,sh.600010,1.82,1.84,1.82,1.82,1.83,94362282,172089189.24,0.2996,1,-0.5464,0
2023-07-17,sh.600010,1.82,1.82,1.79,1.8,1.82,193643185,348613249.79,0.6148,1,-1.0989,0
2023-07-18,sh.600010,1.8,1.81,1.79,1.8,1.8,127504778,229194308.42,0.4048,1,0.0,0
2023-07-19,sh.600010,1.8,1.81,1.79,1.81,1.8,125502441,226244636.79,0.3985,1,0.5556,0
2023-07-20,sh.600010,1.81,1.82,1.8,1.8,1.81,116654454,211130461.02,0.3704,1,-0.5525,0
2023-07-21,sh.600010,1.8,1.81,1.79,1.8,1.8,105500857,189942425.77,0.335,1,0.0,0
2023-07-24,sh.600010,1.8,1.81,1.79,1.79,1.8,69114825,124316929.88,0.2194,1,-0.5556,0
2023-07-25,sh.600010,1.81,1.83,1.8,1.82,1.79,212849579,386813875.32,0.6758,1,1.676,0
2023-07-26,sh.600010,1.82,1.88,1.81,1.86,1.82,347674695,642026348.85,1.1038,1,2.1978,0
2023-07-27,sh.600010,1.85,1.89,1.84,1.86,1.86,432299870,805733746.04,1.3725,1,0.0,0
2023-07-28,sh.600010,1.86,1.9,1.85,1.89,1.86,442785979,834601675.8,1.4058,1,1.6129,0
2023-07-31,sh.600010,1.89,1.91,1.89,1.89,1.89,292064441,554381369.9,0.9273,1,0.0,0
2023-08-01,sh.600010,1.89,1.97,1.88,1.93,1.89,666319943,1288698983.83,2.1155,1,2.1164,0
2023-08-02,sh.600010,1.92,1.93,1.9,1.91,1.93,378104822,724574999.17,1.2004,1,-1.0363,0
2023-08-03,sh.600010,1.91,1.93,1.9,1.92,1.91,278226403,532810218.46,0.8833,1,0.5236,0
2023-08-04,sh.600010,1.94,1.95,1.9,1.91,1.92,248232855,478057770.97,0.7881,1,-0.5208,0
2023-08-07,sh.600010,1.91,1.92,1.89,1.9,1.91,188618685,359484965.7,0.5988,1,-0.5236,0
2023-08-08,sh.600010,1.9,1.91,1.88,1.89,1.9,178503798,338075121.99,0.5667,1,-0.5263,0
2023-08-09,sh.600010,1.89,1.91,1.88,1.89,1.89,171093103,323952197.2,0.5432,1,0.0,0
2023-08-10,sh.600010,1.89,1.9,1.87,1.88,1.89,160553412,302382789.77,0.5097,1,-0.5291,0
2023-08-11,sh.600010,1.89,1.89,1.84,1.84,1.88,198530523,368887727.48,0.6303,1,-2.1277,0
2023-08-14,sh.600010,1.83,1.85,1.82,1.84,1.84,194051188,355902072.69,0.6161,1,0.0,0
2023-08-15,sh.600010,1.84,1.86,1.81,1.84,1.84,242955900,445733582.2,0.7714,1,0.0,0
2023-08-16,sh.600010,1.83,1.85,1.82,1.83,1.84,150476255,275886541.22,0.4777,1,-0.5435,0
2023-08-17,sh.600010,1.83,1.84,1.81,1.83,1.83,147170791,268236608.65,0.4673,1,0.0,0
2023-08-18,sh.600010,1.83,1.84,1.81,1.81,1.83,161072156,293748548.07,0.5114,1,-1.0929,0
2023-08-21,sh.600010,1.81,1.83,1.8,1.8,1.81,183806711,333083228.01,0.5836,1,-0.5525,0
2023-08-22,sh.600010,1.8,1.82,1.78,1.8,1.8,248282460,445819540.0,0.7883,1,0.0,0
2023-08-23,sh.600010,1.8,1.8,1.78,1.78,1.8,151219463,270458132.08,0.4801,1,-1.1111,0
2023-08-24,sh.600010,1.78,1.8,1.77,1.77,1.78,162613228,290160151.64,0.5163,1,-0.5618,0
2023-08-25,sh.600010,1.77,1.79,1.76,1.77,1.77,204134527,362411399.43,0.6481,1,0.0,0
2023-08-28,sh.600010,1.85,1.87,1.78,1.78,1.77,324187346,588250847.78,1.0293,1,0.565,0
2023-08-29,sh.600010,1.79,1.81,1.78,1.8,1.78,213546628,383286088.46,0.678,1,1.1236,0
2023-08-30,sh.600010,1.8,1.81,1.78,1.79,1.8,217962639,391187917.81,0.692,1,-0.5556,0
2023-08-31,sh.600010,1.79,1.8,1.78,1.79,1.79,127203267,227563052.78,0.4039,1,0.0,0
2023-09-01,sh.600010,1.79,1.81,1.79,1.8,1.79,160921949,289705917.2,0.5109,1,0.5587,0
2023-09-04,sh.600010,1.81,1.85,1.8,1.83,1.8,324223711,592470762.05,1.0294,1,1.6667,0
2023-09-05,sh.600010,1.83,1.83,1.81,1.82,1.83,189735307,345467453.45,0.6024,1,-0.5464,0
2023-09-06,sh.600010,1.82,1.82,1.8,1.8,1.82,106066172,191634040.6,0.3367,1,-1.0989,0
2023-09-07,sh.600010,1.8,1.81,1.78,1.78,1.8,163404037,292784497.55,0.5188,1,-1.1111,0
2023-09-08,sh.600010,1.78,1.79,1.77,1.78,1.78,113146444,201506344.52,0.3592,1,0.0,0
2023-09-11,sh.600010,1.78,1.8,1.77,1.78,1.78,118842312,212240238.96,0.3773,1,0.0,0
2023-09-12,sh.600010,1.78,1.8,1.78,1.79,1.78,99891340,178607008.4,0.3171,1,0.5618,0
2023-09-13,sh.600010,1.79,1.8,1.77,1.78,1.79,160153179,285109404.83,0.5085,1,-0.5587,0
2023-09-14,sh.600010,1.78,1.79,1.77,1.78,1.78,134713361,239653247.98,0.4277,1,0.0,0
2023-09-15,sh.600010,1.79,1.8,1.77,1.78,1.78,227300579,405648131.41,0.7217,1,0.0,0
2023-09-18,sh.600010,1.78,1.79,1.77,1.78,1.78,173318183,308301774.3,0.5503,1,0.0,0
2023-09-19,sh.600010,1.78,1.79,1.77,1.78,1.78,114182262,203137230.73,0.3625,1,0.0,0
2023-09-20,sh.600010,1.78,1.78,1.76,1.77,1.78,158115803,280227659.31,0.502,1,-0.5618,0
2023-09-21,sh.600010,1.77,1.78,1.73,1.74,1.77,214237239,375804128.43,0.6802,1,-1.6949,0
2023-09-22,sh.600010,1.74,1.75,1.71,1.75,1.74,204695753,354956243.22,0.6499,1,0.5747,0
2023-09-25,sh.600010,1.75,1.75,1.73,1.73,1.75,132791484,230547040.92,0.4216,1,-1.1429,0
2023-09-26,sh.600010,1.73,1.74,1.71,1.71,1.73,112809874,194009365.28,0.3582,1,-1.1561,0
2023-09-27,sh.600010,1.71,1.73,1.71,1.71,1.71,107734090,184988853.8,0.342,1,0.0,0
2023-09-28,sh.600010,1.72,1.73,1.71,1.72,1.71,112379640,193358456.0,0.3568,1,0.5848,0
2023-10-09,sh.600010,1.72,1.73,1.71,1.72,1.72,106856569,184036992.93,0.3393,1,0.0,0
2023-10-10,sh.600010,1.73,1.74,1.71,1.71,1.72,138338803,238457509.39,0.4392,1,-0.5814,0
2023-10-11,sh.600010,1.72,1.73,1.71,1.71,1.71,102037528,175032948.68,0.324,1,0.0,0
2023-10-12,sh.600010,1.72,1.73,1.71,1.72,1.71,110307072,189980340.44,0.3502,1,0.5848,0
2023-10-13,sh.600010,1.72,1.73,1.71,1.72,1.72,80738309,138502034.39,0.2563,1,0.0,0
2023-10-16,sh.600010,1.72,1.72,1.69,1.69,1.72,143276281,243775465.29,0.4549,1,-1.7442,0
2023-10-17,sh.600010,1.7,1.71,1.68,1.68,1.69,136549500,230634851.0,0.4335,1,-0.5917,0
2023-10-18,sh.600010,1.68,1.69,1.62,1.62,1.68,264988095,434137293.9,0.8413,1,-3.5714,0
2023-10-19,sh.600010,1.6,1.63,1.59,1.6,1.62,211220650,339062177.87,0.6706,1,-1.2346,0
2023-10-20,sh.600010,1.59,1.61,1.58,1.59,1.6,189526250,302604078.5,0.6017,1,-0.625,0
2023-10-23,sh.600010,1.59,1.59,1.52,1.54,1.59,292816047,453977193.51,0.9297,1,-3.1447,0
2023-10-24,sh.600010,1.53,1.62,1.53,1.58,1.54,391702090,615814354.97,1.2436,1,2.5974,0
2023-10-25,sh.600010,1.59,1.64,1.59,1.61,1.58,328662499,530258657.97,1.0435,1,1.8987,0
2023-10-26,sh.600010,1.6,1.62,1.58,1.61,1.61,178066492,285142048.54,0.5653,1,0.0,0
2023-10-27,sh.600010,1.62,1.64,1.61,1.64,1.61,191106255,311837831.55,0.6067,1,1.8634,0
2023-10-30,sh.600010,1.63,1.65,1.62,1.64,1.64,172498454,282819712.73,0.5477,1,0.0,0
2023-10-31,sh.600010,1.64,1.65,1.61,1.62,1.64,169227604,275182844.42,0.5373,1,-1.2195,0
2023-11-01,sh.600010,1.63,1.63,1.61,1.61,1.62,140056568,226557165.41,0.4447,1,-0.6173,0
2023-11-02,sh.600010,1.61,1.63,1.6,1.6,1.61,163477954,263657287.0,0.519,1,-0.6211,0
2023-11-03,sh.600010,1.61,1.63,1.6,1.61,1.6,148029539,239225138.18,0.47,1,0.625,0
2023-11-06,sh.600010,1.62,1.64,1.62,1.64,1.61,216095131,352746582.33,0.6861,1,1.8634,0
2023-11-07,sh.600010,1.64,1.64,1.62,1.63,1.64,115533420,188426639.0,0.3668,1,-0.6098,0
2023-11-08,sh.600010,1.63,1.63,1.6,1.61,1.63,179701192,289978768.4,0.5705,1,-1.227,0
2023-11-09,sh.600010,1.61,1.62,1.59,1.6,1.61,196920334,316040015.47,0.6252,1,-0.6211,0
2023-11-10,sh.600010,1.59,1.6,1.58,1.59,1.6,131149284,208596527.05,0.4164,1,-0.625,0
2023-11-13,sh.600010,1.6,1.62,1.59,1.62,1.59,236761380,380402529.31,0.7517,1,1.8868,0
2023-11-14,sh.600010,1.62,1.63,1.6,1.61,1.62,172811630,278865343.86,0.5487,1,-0.6173,0
2023-11-15,sh.600010,1.62,1.63,1.61,1.62,1.61,161440740,261839801.0,0.5126,1,0.6211,0
2023-11-16,sh.600010,1.62,1.63,1.6,1.6,1.62,140510480,225671700.92,0.4461,1,-1.2346,0
2023-11-17,sh.600010,1.6,1.61,1.58,1.6,1.6,152775760,243467429.8,0.485,1,0.0,0
2023-11-20,sh.600010,1.6,1.61,1.58,1.6,1.6,176608040,281966086.0,0.5607,1,0.0,0
2023-11-21,sh.600010,1.6,1.62,1.59,1.6,1.6,205500846,330401137.02,0.6524,1,0.0,0
2023-11-22,sh.600010,1.6,1.6,1.58,1.58,1.6,139471623,221583081.3,0.4428,1,-1.25,0
2023-11-23,sh.600010,1.58,1.59,1.57,1.58,1.58,132778864,209421592.76,0.4216,1,0.0,0
2023-11-24,sh.600010,1.58,1.6,1.57,1.58,1.58,204289673,323833528.34,0.6486,1,0.0,0
2023-11-27,sh.600010,1.57,1.58,1.56,1.56,1.58,136040761,213110448.96,0.4319,1,-1.2658,0
2023-11-28,sh.600010,1.56,1.57,1.55,1.56,1.56,123672040,192738447.4,0.3926,1,0.0,0
2023-11-29,sh.600010,1.56,1.57,1.54,1.55,1.56,172485226,267838486.84,0.5476,1,-0.641,0
2023-11-30,sh.600010,1.55,1.55,1.53,1.53,1.55,134317896,206537569.94,0.4264,1,-1.2903,0
2023-12-01,sh.600010,1.53,1.55,1.52,1.55,1.53,179349733,276173316.78,0.5694,1,1.3072,0
2023-12-04,sh.600010,1.55,1.56,1.54,1.55,1.55,133164390,206244491.57,0.4228,1,0.0,0
2023-12-05,sh.600010,1.55,1.55,1.53,1.54,1.55,148462790,228369969.81,0.4714,1,-0.6452,0
2023-12-06,sh.600010,1.53,1.55,1.52,1.54,1.54,192865908,296977829.12,0.6123,1,0.0,0
2023-12-07,sh.600010,1.55,1.55,1.52,1.53,1.54,220935876,338060302.81,0.7014,1,-0.6494,0
2023-12-08,sh.600010,1.53,1.59,1.52,1.57,1.53,629142625,981532814.64,1.9975,1,2.6144,0
2023-12-11,sh.600010,1.57,1.57,1.52,1.54,1.57,478871275,734732890.59,1.5204,1,-1.9108,0
2023-12-12,sh.600010,1.53,1.54,1.52,1.53,1.54,238692426,364558786.92,0.7578,1,-0.6494,0
2023-12-13,sh.600010,1.52,1.53,1.49,1.49,1.53,364709433,548822086.66,1.1579,1,-2.6144,0
2023-12-14,sh.600010,1.5,1.5,1.47,1.47,1.49,220479652,327035401.28,0.7,1,-1.3423,0
2023-12-15,sh.600010,1.47,1.48,1.46,1.46,1.47,171412571,251572592.76,0.5442,1,-0.6803,0
2023-12-18,sh.600010,1.45,1.46,1.42,1.42,1.46,240872219,345128476.3,0.7647,1,-2.7397,0
2023-12-19,sh.600010,1.42,1.45,1.41,1.42,1.42,266186392,379551078.88,0.8451,1,0.0,0
2023-12-20,sh.600010,1.42,1.43,1.39,1.39,1.42,234248996,330420342.72,0.7437,1,-2.1127,0
2023-12-21,sh.600010,1.38,1.42,1.37,1.41,1.39,309316925,431460354.79,0.982,1,1.4388,0
2023-12-22,sh.600010,1.41,1.43,1.39,1.42,1.41,241871551,341429070.09,0.7679,1,0.7092,0
2023-12-25,sh.600010,1.42,1.44,1.41,1.43,1.42,133155288,190242821.16,0.4228,1,0.7042,0
2023-12-26,sh.600010,1.43,1.43,1.4,1.41,1.43,151718120,214673334.2,0.4817,1,-1.3986,0
2023-12-27,sh.600010,1.41,1.42,1.39,1.4,1.41,137695721,192864756.6,0.4372,1,-0.7092,0
2023-12-28,sh.600010,1.4,1.46,1.39,1.46,1.4,335404908,482268378.66,1.0649,1,4.2857,0
2023-12-29,sh.600010,1.45,1.47,1.45,1.46,1.46,204678449,298771546.66,0.6498,1,0.0,0
2024-01-02,sh.600010,1.47,1.47,1.45,1.45,1.46,139438021,203074212.85,0.4427,1,-0.6849,0
2024-01-03,sh.600010,1.45,1.46,1.44,1.46,1.45,114101632,165766327.05,0.3623,1,0.6897,0
2024-01-04,sh.600010,1.46,1.46,1.43,1.44,1.46,181947500,262260198.0,0.5777,1,-1.3699,0
2024-01-05,sh.600010,1.44,1.46,1.43,1.43,1.44,192231165,277478605.66,0.6103,1,-0.6944,0
2024-01-08,sh.600010,1.43,1.44,1.4,1.41,1.43,195053366,276526680.06,0.6193,1,-1.3986,0
2024-01-09,sh.600010,1.41,1.42,1.4,1.41,1.41,129680021,183032737.81,0.4117,1,0.0,0
2024-01-10,sh.600010,1.41,1.43,1.4,1.42,1.41,145827900,206736973.43,0.463,1,0.7092,0
2024-01-11,sh.600010,1.41,1.44,1.41,1.43,1.42,165835804,236484801.63,0.5265,1,0.7042,0
2024-01-12,sh.600010,1.43,1.45,1.42,1.43,1.43,147334367,211523328.29,0.4678,1,0.0,0
2024-01-15,sh.600010,1.43,1.44,1.41,1.43,1.43,136215060,194498078.64,0.4325,1,0.0,0
2024-01-16,sh.600010,1.42,1.44,1.41,1.44,1.43,184198589,263082774.53,0.5848,1,0.6993,0
2024-01-17,sh.600010,1.44,1.44,1.41,1.42,1.44,131086405,186741940.25,0.4162,1,-1.3889,0
2024-01-18,sh.600010,1.41,1.42,1.38,1.42,1.42,278132690,388388345.65,0.883,1,0.0,0
2024-01-19,sh.600010,1.41,1.42,1.4,1.41,1.42,139275627,196475328.27,0.4422,1,-0.7042,0
2024-01-22,sh.600010,1.41,1.42,1.38,1.39,1.41,221226349,310364517.08,0.7024,1,-1.4184,0
2024-01-23,sh.600010,1.38,1.4,1.37,1.39,1.39,136542448,189641787.06,0.4335,1,0.0,0
2024-01-24,sh.600010,1.4,1.43,1.38,1.42,1.39,216306221,303890950.18,0.6867,1,2.1583,0
2024-01-25,sh.600010,1.43,1.47,1.42,1.47,1.42,335517403,486511463.1,1.0652,1,3.5211,0
2024-01-26,sh.600010,1.47,1.49,1.46,1.47,1.47,291955771,429942442.13,0.9269,1,0.0,0
2024-01-29,sh.600010,1.48,1.49,1.46,1.46,1.47,185572503,272857948.81,0.5892,1,-0.6803,0
2024-01-30,sh.600010,1.46,1.47,1.44,1.44,1.46,188089273,274189145.22,0.5972,1,-1.3699,0
2024-01-31,sh.600010,1.44,1.45,1.42,1.42,1.44,211241242,302202422.82,0.6707,1,-1.3889,0
2024-02-01,sh.600010,1.41,1.44,1.4,1.42,1.42,179335450,254908147.0,0.5694,1,0.0,0
2024-02-02,sh.600010,1.42,1.44,1.38,1.41,1.42,277118652,391613698.4,0.8798,1,-0.7042,0
2024-02-05,sh.600010,1.41,1.41,1.36,1.39,1.41,306455913,425098882.7,0.973,1,-1.4184,0
2024-02-06,sh.600010,1.39,1.47,1.37,1.47,1.39,382000326,547712563.99,1.2128,1,5.7554,0
2024-02-07,sh.600010,1.47,1.54,1.47,1.52,1.47,502429825,756833085.66,1.5952,1,3.4014,0
2024-02-08,sh.600010,1.53,1.55,1.49,1.52,1.52,461410148,698075470.32,1.4649,1,0.0,0
2024-02-19,sh.600010,1.52,1.53,1.5,1.52,1.52,277839656,420307859.2,0.8821,1,0.0,0
2024-02-20,sh.600010,1.51,1.52,1.49,1.51,1.52,219176272,330019272.82,0.6959,1,-0.6579,0
2024-02-21,sh.600010,1.5,1.55,1.49,1.52,1.51,353462628,539796960.23,1.1222,1,0.6623,0
2024-02-22,sh.600010,1.52,1.53,1.51,1.53,1.52,206071823,313472953.78,0.6543,1,0.6579,0
2024-02-23,sh.600010,1.53,1.54,1.52,1.53,1.53,188676760,288400709.31,0.599,1,0.0,0
2024-02-26,sh.600010,1.53,1.54,1.51,1.52,1.53,211366482,322503869.81,0.6711,1,-0.6536,0
2024-02-27,sh.600010,1.52,1.53,1.51,1.53,1.52,200837151,305269763.28,0.6376,1,0.6579,0
2024-02-28,sh.600010,1.53,1.56,1.52,1.52,1.53,401780516,618610416.7,1.2756,1,-0.6536,0
2024-02-29,sh.600010,1.51,1.54,1.51,1.54,1.52,234222496,357734963.68,0.7436,1,1.3158,0
2024-03-01,sh.600010,1.54,1.55,1.52,1.53,1.54,183327623,281159663.59,0.582,1,-0.6494,0
2024-03-04,sh.600010,1.53,1.53,1.51,1.51,1.53,163542139,248242008.89,0.5192,1,-1.3072,0
2024-03-05,sh.600010,1.51,1.54,1.5,1.52,1.51,263568340,401644858.88,0.8368,1,0.6623,0
2024-03-06,sh.600010,1.52,1.53,1.5,1.51,1.52,232888746,353333126.23,0.7394,1,-0.6579,0
2024-03-07,sh.600010,1.52,1.6,1.51,1.56,1.51,655168054,1022999942.19,2.0801,1,3.3113,0
2024-03-08,sh.600010,1.55,1.56,1.52,1.54,1.56,331166899,509644573.67,1.0514,1,-1.2821,0
2024-03-11,sh.600010,1.53,1.55,1.53,1.54,1.54,221417714,341010401.54,0.703,1,0.0,0
2024-03-12,sh.600010,1.54,1.55,1.53,1.53,1.54,148725271,228460364.46,0.4722,1,-0.6494,0
2024-03-13,sh.600010,1.54,1.54,1.52,1.53,1.53,148241925,226902650.0,0.4707,1,0.0,0
2024-03-14,sh.600010,1.52,1.54,1.51,1.52,1.53,221112656,337461827.72,0.702,1,-0.6536,0
2024-03-15,sh.600010,1.52,1.59,1.51,1.58,1.52,505645471,784885196.78,1.6054,1,3.9474,0
2024-03-18,sh.600010,1.57,1.59,1.56,1.58,1.58,287646786,453605412.16,0.9132,1,0.0,0
2024-03-19,sh.600010,1.58,1.74,1.57,1.7,1.58,1270339069,2152466927.89,4.0332,1,7.5949,0
2024-03-20,sh.600010,1.66,1.68,1.64,1.65,1.7,708876518,1174116953.66,2.2506,1,-2.9412,0
2024-03-21,sh.600010,1.66,1.67,1.62,1.63,1.65,410721194,672523517.61,1.304,1,-1.2121,0
2024-03-22,sh.600010,1.63,1.63,1.58,1.61,1.63,428385244,687864407.7,1.3601,1,-1.227,0
2024-03-25,sh.600010,1.6,1.64,1.59,1.6,1.61,338195500,545191380.6,1.0737,1,-0.6211,0
2024-03-26,sh.600010,1.6,1.61,1.57,1.59,1.6,269943924,428762184.28,0.857,1,-0.625,0
2024-03-27,sh.600010,1.58,1.6,1.57,1.57,1.59,192013978,303506079.55,0.6096,1,-1.2579,0
2024-03-28,sh.600010,1.57,1.6,1.56,1.59,1.57,257351183,407437802.52,0.8171,1,1.2739,0
2024-03-29,sh.600010,1.58,1.6,1.58,1.6,1.59,178429465,283904078.44,0.5665,1,0.6289,0
2024-04-01,sh.600010,1.6,1.64,1.59,1.63,1.6,293449554,477334644.89,0.9317,1,1.875,0
2024-04-02,sh.600010,1.63,1.66,1.62,1.63,1.63,309467389,507340408.19,0.9825,1,0.0,0
2024-04-03,sh.600010,1.64,1.72,1.63,1.67,1.63,605312167,1010593004.42,1.9218,1,2.454,0
2024-04-08,sh.600010,1.67,1.72,1.66,1.67,1.67,602030793,1019098626.55,1.9114,1,0.0,0
2024-04-09,sh.600010,1.67,1.73,1.66,1.72,1.67,661218830,1123519989.22,2.0993,1,2.994,0
2024-04-10,sh.600010,1.69,1.7,1.64,1.65,1.72,542823999,902778071.31,1.7234,1,-4.0698,0
2024-04-11,sh.600010,1.64,1.68,1.62,1.66,1.65,357811906,591917937.27,1.136,1,0.6061,0
2024-04-12,sh.600010,1.66,1.67,1.63,1.64,1.66,284814925,468240462.43,0.9043,1,-1.2048,0
2024-04-15,sh.600010,1.63,1.65,1.59,1.63,1.64,335799725,545837967.05,1.0661,1,-0.6098,0
2024-04-16,sh.600010,1.62,1.64,1.6,1.6,1.63,282521002,457319882.11,0.897,1,-1.8405,0
2024-04-17,sh.600010,1.6,1.64,1.6,1.63,1.6,267200789,432846725.71,0.8483,1,1.875,0
2024-04-18,sh.600010,1.63,1.65,1.62,1.64,1.63,211692788,346731062.84,0.6721,1,0.6135,0
2024-04-19,sh.600010,1.64,1.66,1.61,1.62,1.64,276074498,451342587.43,0.8765,1,-1.2195,0
2024-04-22,sh.600010,1.62,1.64,1.61,1.62,1.62,228892042,371083320.62,0.7267,1,0.0,0
2024-04-23,sh.600010,1.62,1.62,1.59,1.59,1.62,246008660,393457731.2,0.7811,1,-1.8519,0
2024-04-24,sh.600010,1.59,1.61,1.58,1.6,1.59,152882140,244018341.6,0.4854,1,0.6289,0
2024-04-25,sh.600010,1.6,1.62,1.59,1.6,1.6,150807451,242123596.54,0.4788,1,0.0,0
2024-04-26,sh.600010,1.6,1.62,1.6,1.62,1.6,173548961,279379694.34,0.551,1,1.25,0
2024-04-29,sh.600010,1.61,1.63,1.6,1.62,1.62,238087008,385265787.93,0.7559,1,0.0,0
2024-04-30,sh.600010,1.62,1.63,1.6,1.6,1.62,184087586,295986659.4,0.5845,1,-1.2346,0
2024-05-06,sh.600010,1.61,1.62,1.6,1.62,1.6,182382503,294091018.43,0.579,1,1.25,0
2024-05-07,sh.600010,1.62,1.64,1.62,1.63,1.62,245239286,399205708.49,0.7786,1,0.6173,0
2024-05-08,sh.600010,1.62,1.63,1.61,1.61,1.63,126173351,203792343.91,0.4006,1,-1.227,0
2024-05-09,sh.600010,1.61,1.63,1.6,1.62,1.61,203744588,329647029.08,0.6469,1,0.6211,0
2024-05-10,sh.600010,1.62,1.63,1.61,1.61,1.62,145637383,235119427.23,0.4624,1,-0.6173,0
2024-05-13,sh.600010,1.61,1.61,1.59,1.59,1.61,188888571,302024725.67,0.5997,1,-1.2422,0
2024-05-14,sh.600010,1.6,1.61,1.59,1.6,1.59,151749334,242803271.09,0.4818,1,0.6289,0
2024-05-15,sh.600010,1.6,1.6,1.58,1.59,1.6,158582820,252258265.4,0.5035,1,-0.625,0
2024-05-16,sh.600010,1.59,1.61,1.58,1.59,1.59,196626101,314377886.51,0.6243,1,0.0,0
2024-05-17,sh.600010,1.6,1.61,1.59,1.61,1.59,124485142,199088951.48,0.3952,1,1.2579,0
2024-05-20,sh.600010,1.61,1.62,1.6,1.61,1.61,191975096,309691167.16,0.6095,1,0.0,0
2024-05-21,sh.600010,1.61,1.62,1.59,1.6,1.61,165630375,265380232.05,0.5259,1,-0.6211,0
2024-05-22,sh.600010,1.6,1.61,1.59,1.6,1.6,141035649,225725911.6,0.4478,1,0.0,0
2024-05-23,sh.600010,1.6,1.6,1.57,1.57,1.6,237969662,376411990.62,0.7555,1,-1.875,0
2024-05-24,sh.600010,1.57,1.58,1.56,1.56,1.57,139620070,218896887.3,0.4433,1,-0.6369,0
2024-05-27,sh.600010,1.57,1.58,1.56,1.56,1.56,95332206,149101864.36,0.3027,1,0.0,0
2024-05-28,sh.600010,1.56,1.57,1.55,1.55,1.56,162912298,253436663.9,0.5172,1,-0.641,0
2024-05-29,sh.600010,1.55,1.57,1.54,1.56,1.55,147790178,230073185.5,0.4692,1,0.6452,0
2024-05-30,sh.600010,1.55,1.57,1.54,1.55,1.56,173118085,269098983.98,0.5496,1,-0.641,0
2024-05-31,sh.600010,1.55,1.56,1.54,1.54,1.55,129845331,200685253.74,0.4122,1,-0.6452,0
2024-06-03,sh.600010,1.54,1.54,1.48,1.49,1.54,265355411,399867557.23,0.8425,1,-3.2468,0
2024-06-04,sh.600010,1.49,1.49,1.47,1.48,1.49,155042059,229503881.52,0.4922,1,-0.6711,0
2024-06-05,sh.600010,1.48,1.49,1.46,1.46,1.48,136323593,200894227.74,0.4328,1,-1.3514,0
2024-06-06,sh.600010,1.46,1.47,1.41,1.42,1.46,277046496,396655067.81,0.8796,1,-2.7397,0
2024-06-07,sh.600010,1.43,1.46,1.42,1.46,1.42,216373328,312595426.35,0.687,1,2.8169,0
2024-06-11,sh.600010,1.45,1.46,1.44,1.44,1.46,112941549,163381135.79,0.3586,1,-1.3699,0
2024-06-12,sh.600010,1.44,1.45,1.43,1.44,1.44,119273874,171719120.7,0.3787,1,0.0,0
2024-06-13,sh.600010,1.44,1.45,1.41,1.42,1.44,147175858,209792126.54,0.4673,1,-1.3889,0
2024-06-14,sh.600010,1.42,1.44,1.42,1.43,1.42,117547580,168262147.0,0.3732,1,0.7042,0
2024-06-17,sh.600010,1.43,1.44,1.41,1.42,1.43,116295748,165634199.04,0.3692,1,-0.6993,0
2024-06-18,sh.600010,1.42,1.44,1.41,1.43,1.42,105087518,150183104.67,0.3336,1,0.7042,0
2024-06-19,sh.600010,1.43,1.44,1.42,1.42,1.43,70041440,99813431.6,0.2224,1,-0.6993,0
2024-06-20,sh.600010,1.42,1.43,1.39,1.4,1.42,166282039,234048079.81,0.5279,1,-1.4085,0
2024-06-21,sh.600010,1.4,1.41,1.39,1.4,1.4,122899558,172088258.54,0.3902,1,0.0,0
2024-06-24,sh.600010,1.4,1.4,1.37,1.38,1.4,156303737,216186137.49,0.4962,1,-1.4286,0
2024-06-25,sh.600010,1.38,1.39,1.37,1.38,1.38,133012144,183545152.16,0.4223,1,0.0,0
2024-06-26,sh.600010,1.38,1.41,1.37,1.41,1.38,146142077,203556292.89,0.464,1,2.1739,0
2024-06-27,sh.600010,1.4,1.41,1.39,1.39,1.41,106545455,148988724.85,0.3383,1,-1.4184,0
2024-06-28,sh.600010,1.39,1.43,1.38,1.4,1.39,267505259,375769774.26,0.8493,1,0.7194,0
2024-07-01,sh.600010,1.42,1.47,1.42,1.45,1.4,349206397,505162824.81,1.1087,1,3.5714,0
2024-07-02,sh.600010,1.44,1.45,1.42,1.43,1.45,215995028,309670826.04,0.6858,1,-1.3793,0
2024-07-03,sh.600010,1.43,1.44,1.42,1.43,1.43,91233680,130552821.8,0.2897,1,0.0,0
2024-07-04,sh.600010,1.43,1.44,1.4,1.41,1.43,151116655,214009768.72,0.4798,1,-1.3986,0
2024-07-05,sh.600010,1.4,1.42,1.4,1.42,1.41,109548560,154752892.6,0.3478,1,0.7092,0
2024-07-08,sh.600010,1.41,1.42,1.4,1.4,1.42,118369204,166656242.4,0.3758,1,-1.4085,0
2024-07-09,sh.600010,1.41,1.42,1.4,1.42,1.4,111710866,157603415.78,0.3547,1,1.4286,0
2024-07-10,sh.600010,1.42,1.42,1.4,1.41,1.42,91240960,128628968.4,0.2897,1,-0.7042,0
2024-07-11,sh.600010,1.42,1.43,1.41,1.43,1.41,127955536,182177999.12,0.4062,1,1.4184,0
2024-07-12,sh.600010,1.43,1.44,1.41,1.43,1.43,122412700,174242267.8,0.3886,1,0.0,0
2024-07-15,sh.600010,1.42,1.43,1.41,1.41,1.43,95281142,135225605.66,0.3025,1,-1.3986,0
2024-07-16,sh.600010,1.41,1.43,1.41,1.42,1.41,76670637,109159476.54,0.2434,1,0.7092,0
2024-07-17,sh.600010,1.42,1.43,1.41,1.42,1.42,97196322,138421275.24,0.3086,1,0.0,0
2024-07-18,sh.600010,1.42,1.44,1.41,1.44,1.42,152182210,217448658.9,0.4832,1,1.4085,0
2024-07-19,sh.600010,1.43,1.45,1.42,1.45,1.44,132457761,190334668.72,0.4205,1,0.6944,0
2024-07-22,sh.600010,1.44,1.45,1.43,1.44,1.45,102842689,148285523.38,0.3265,1,-0.6897,0
2024-07-23,sh.600010,1.44,1.45,1.42,1.42,1.44,98734640,141576189.8,0.3135,1,-1.3889,0
2024-07-24,sh.600010,1.42,1.43,1.41,1.42,1.42,85875629,121858623.98,0.2726,1,0.0,0
2024-07-25,sh.600010,1.41,1.43,1.41,1.41,1.42,107230444,151914244.66,0.3404,1,-0.7042,0
2024-07-26,sh.600010,1.41,1.43,1.41,1.43,1.41,77180770,109791004.6,0.245,1,1.4184,0
2024-07-29,sh.600010,1.43,1.44,1.42,1.43,1.43,86920926,124403860.51,0.276,1,0.0,0
2024-07-30,sh.600010,1.43,1.44,1.42,1.44,1.43,64771700,92886501.0,0.2056,1,0.6993,0
2024-07-31,sh.600010,1.44,1.46,1.43,1.46,1.44,189489231,274855247.55,0.6016,1,1.3889,0
2024-08-01,sh.600010,1.45,1.47,1.45,1.45,1.46,123578401,180442657.85,0.3923,1,-0.6849,0
2024-08-02,sh.600010,1.45,1.5,1.44,1.46,1.45,226806455,333623858.96,0.7201,1,0.6897,0
2024-08-05,sh.600010,1.46,1.48,1.45,1.45,1.46,171302528,250178506.05,0.5439,1,-0.6849,0
2024-08-06,sh.600010,1.46,1.47,1.44,1.46,1.45,124305723,180600393.35,0.3947,1,0.6897,0
2024-08-07,sh.600010,1.45,1.47,1.45,1.45,1.46,74988247,109195783.75,0.2381,1,-0.6849,0
2024-08-08,sh.600010,1.45,1.46,1.44,1.45,1.45,83717680,121484045.8,0.2658,1,0.0,0
2024-08-09,sh.600010,1.46,1.46,1.44,1.44,1.45,57457693,83252241.63,0.1824,1,-0.6897,0
2024-08-12,sh.600010,1.44,1.45,1.43,1.43,1.44,59815347,85873895.21,0.1899,1,-0.6944,0
2024-08-13,sh.600010,1.43,1.44,1.42,1.43,1.43,89743980,128351557.6,0.2849,1,0.0,0
2024-08-14,sh.600010,1.43,1.44,1.42,1.42,1.43,63340487,90514643.66,0.2011,1,-0.6993,0
2024-08-15,sh.600010,1.42,1.44,1.42,1.43,1.42,95450307,136841466.34,0.303,1,0.7042,0
2024-08-16,sh.600010,1.44,1.45,1.43,1.44,1.43,106192563,153519848.72,0.3372,1,0.6993,0
2024-08-19,sh.600010,1.44,1.46,1.44,1.44,1.44,87747100,127031828.0,0.2786,1,0.0,0
2024-08-20,sh.600010,1.44,1.45,1.42,1.44,1.44,94927138,136075279.06,0.3014,1,0.0,0
2024-08-21,sh.600010,1.43,1.44,1.42,1.43,1.44,76171260,109048869.8,0.2418,1,-0.6944,0
2024-08-22,sh.600010,1.43,1.44,1.42,1.43,1.43,88187463,126284027.66,0.28,1,0.0,0
2024-08-23,sh.600010,1.42,1.44,1.41,1.42,1.43,120297007,171141167.41,0.3819,1,-0.6993,0
2024-08-26,sh.600010,1.42,1.44,1.42,1.44,1.42,112621327,161156486.61,0.3576,1,1.4085,0
2024-08-27,sh.600010,1.43,1.44,1.42,1.42,1.44,79551970,113472920.4,0.2526,1,-1.3889,0
2024-08-28,sh.600010,1.42,1.43,1.41,1.42,1.42,81108620,115298226.8,0.2575,1,0.0,0
2024-08-29,sh.600010,1.43,1.43,1.41,1.42,1.42,60800880,86535929.2,0.193,1,0.0,0
2024-08-30,sh.600010,1.42,1.44,1.42,1.44,1.42,133095348,190825109.24,0.4226,1,1.4085,0
2024-09-02,sh.600010,1.44,1.45,1.42,1.42,1.44,82351713,117805312.76,0.2615,1,-1.3889,0
2024-09-03,sh.600010,1.42,1.44,1.41,1.42,1.42,117370284,167126777.28,0.3726,1,0.0,0
2024-09-04,sh.600010,1.42,1.43,1.41,1.41,1.42,80191801,113730815.81,0.2546,1,-0.7042,0
2024-09-05,sh.600010,1.41,1.43,1.41,1.42,1.41,86973878,123282452.71,0.2761,1,0.7092,0
2024-09-06,sh.600010,1.42,1.43,1.41,1.41,1.42,64123862,90703801.87,0.2036,1,-0.7042,0
2024-09-09,sh.600010,1.41,1.42,1.39,1.4,1.41,122217813,171170190.6,0.388,1,-0.7092,0
2024-09-10,sh.600010,1.4,1.4,1.37,1.39,1.4,134736880,186355322.17,0.4278,1,-0.7143,0
2024-09-11,sh.600010,1.39,1.4,1.37,1.38,1.39,86385625,119527447.1,0.2743,1,-0.7194,0
2024-09-12,sh.600010,1.38,1.39,1.37,1.38,1.38,99248460,137204525.09,0.3151,1,0.0,0
2024-09-13,sh.600010,1.38,1.4,1.38,1.39,1.38,83065767,115244544.93,0.2637,1,0.7246,0
2024-09-18,sh.600010,1.39,1.39,1.37,1.38,1.39,103364969,142461866.22,0.3282,1,-0.7194,0
2024-09-19,sh.600010,1.38,1.41,1.37,1.4,1.38,128023751,178321993.09,0.4065,1,1.4493,0
2024-09-20,sh.600010,1.4,1.4,1.38,1.39,1.4,110864565,154218883.15,0.352,1,-0.7143,0
2024-09-23,sh.600010,1.39,1.4,1.38,1.4,1.39,57753171,80378101.47,0.1834,1,0.7194,0
2024-09-24,sh.600010,1.4,1.45,1.39,1.44,1.4,322945511,461153432.0,1.0253,1,2.8571,0
2024-09-25,sh.600010,1.46,1.51,1.45,1.47,1.44,436300427,646123693.46,1.3852,1,2.0833,0
2024-09-26,sh.600010,1.47,1.53,1.46,1.52,1.47,393256652,588821708.91,1.2485,1,3.4014,0
2024-09-27,sh.600010,1.55,1.58,1.54,1.57,1.52,355917700,555521967.81,1.13,1,3.2895,0
2024-09-30,sh.600010,1.63,1.73,1.63,1.73,1.57,962494548,1628961739.52,3.0558,1,10.1911,0
2024-10-08,sh.600010,1.9,1.9,1.76,1.83,1.73,1161975725,2142870505.28,3.6891,1,5.7803,0
2024-10-09,sh.600010,1.81,1.81,1.66,1.66,1.83,748669935,1285244607.82,2.3769,1,-9.2896,0
2024-10-10,sh.600010,1.66,1.73,1.63,1.7,1.66,507788915,858463722.33,1.6122,1,2.4096,0
2024-10-11,sh.600010,1.69,1.71,1.63,1.65,1.7,340131392,566966964.44,1.0799,1,-2.9412,0
2024-10-14,sh.600010,1.66,1.68,1.65,1.67,1.65,275615395,458999758.1,0.875,1,1.2121,0
2024-10-15,sh.600010,1.66,1.68,1.63,1.63,1.67,296352231,489019587.75,0.9409,1,-2.3952,0
2024-10-16,sh.600010,1.61,1.66,1.61,1.63,1.63,307146038,501455896.21,0.9752,1,0.0,0
2024-10-17,sh.600010,1.63,1.64,1.58,1.58,1.63,314020538,505455249.84,0.997,1,-3.0675,0
2024-10-18,sh.600010,1.58,1.65,1.56,1.63,1.58,417492687,668230797.08,1.3255,1,3.1646,0
2024-10-21,sh.600010,1.64,1.64,1.6,1.61,1.63,328848688,531636878.68,1.0441,1,-1.227,0
2024-10-22,sh.600010,1.61,1.64,1.6,1.62,1.61,272186587,440959817.95,0.8642,1,0.6211,0
2024-10-23,sh.600010,1.62,1.66,1.61,1.65,1.62,417296300,684433328.79,1.3249,1,1.8519,0
2024-10-24,sh.600010,1.63,1.65,1.62,1.63,1.65,225031521,366655851.7,0.7145,1,-1.2121,0
2024-10-25,sh.600010,1.63,1.69,1.62,1.68,1.63,491828913,814882101.63,1.5615,1,3.0675,0
2024-10-28,sh.600010,1.67,1.76,1.66,1.75,1.68,740398069,1284992549.56,2.3507,1,4.1667,0
2024-10-29,sh.600010,1.75,1.76,1.67,1.68,1.75,533284852,909257380.59,1.6931,1,-4.0,0
2024-10-30,sh.600010,1.67,1.72,1.66,1.7,1.68,373736983,633908989.87,1.1866,1,1.1905,0
2024-10-31,sh.600010,1.68,1.73,1.67,1.71,1.7,520128267,887942922.9,1.6514,1,0.5882,0
2024-11-01,sh.600010,1.72,1.88,1.71,1.88,1.71,1167011125,2158618784.89,3.7051,1,9.9415,0
2024-11-04,sh.600010,1.95,1.96,1.81,1.83,1.88,1685378171,3145083867.25,5.3509,1,-2.6596,0
2024-11-05,sh.600010,1.8,2.01,1.79,2.01,1.83,2200956775,4327507763.76,6.9878,1,9.8361,0
2024-11-06,sh.600010,2.0,2.2,1.98,2.16,2.01,2978111949,6253128066.14,9.4552,1,7.4627,0
2024-11-07,sh.600010,2.1,2.19,2.05,2.13,2.16,1843685687,3888650870.26,5.8535,1,-1.3889,0
2024-11-08,sh.600010,2.13,2.33,2.09,2.2,2.13,1913293562,4244229652.19,6.0745,1,3.2864,0
2024-11-11,sh.600010,2.2,2.24,2.13,2.16,2.2,1260651705,2726152773.21,4.0024,1,-1.8182,0
2024-11-12,sh.600010,2.15,2.15,2.04,2.07,2.16,1181403045,2466529486.09,3.7508,1,-4.1667,0
2024-11-13,sh.600010,2.05,2.15,2.04,2.07,2.07,835502790,1745523181.69,2.6526,1,0.0,0
2024-11-14,sh.600010,2.05,2.06,1.95,1.96,2.07,928530325,1855150764.42,2.948,1,-5.314,0
2024-11-15,sh.600010,1.95,1.98,1.89,1.9,1.96,655656071,1267917966.22,2.0816,1,-3.0612,0
2024-11-18,sh.600010,1.91,2.0,1.91,1.92,1.9,844365557,1645401284.8,2.6808,1,1.0526,0
2024-11-19,sh.600010,1.91,1.93,1.85,1.92,1.92,681104167,1287094848.78,2.1624,1,0.0,0
2024-11-20,sh.600010,1.91,1.95,1.9,1.94,1.92,476580441,919813963.33,1.5131,1,1.0417,0
2024-11-21,sh.600010,1.93,1.94,1.9,1.92,1.94,402134107,771046466.17,1.2767,1,-1.0309,0
2024-11-22,sh.600010,1.95,2.0,1.9,1.94,1.92,979322004,1912634640.46,3.1092,1,1.0417,0
2024-11-25,sh.600010,1.93,2.04,1.91,1.99,1.94,921663060,1831729825.55,2.9262,1,2.5773,0
2024-11-26,sh.600010,1.98,2.02,1.95,1.96,1.99,515865807,1015304411.16,1.6378,1,-1.5075,0
2024-11-27,sh.600010,1.95,1.96,1.86,1.93,1.96,614817942,1166838938.16,1.952,1,-1.5306,0
2024-11-28,sh.600010,1.92,1.95,1.91,1.93,1.93,441232574,850277631.05,1.4009,1,0.0,0
2024-11-29,sh.600010,1.92,1.94,1.88,1.92,1.93,445802959,851896600.09,1.4154,1,-0.5181,0
2024-12-02,sh.600010,1.91,1.99,1.91,1.98,1.92,713194509,1395871012.03,2.2643,1,3.125,0
2024-12-03,sh.600010,1.97,2.0,1.95,1.97,1.98,514334649,1012153999.02,1.633,1,-0.5051,0
2024-12-04,sh.600010,2.0,2.03,1.96,1.97,1.97,658339619,1309748015.25,2.0902,1,0.0,0
2024-12-05,sh.600010,1.96,1.98,1.94,1.97,1.97,428684690,839665789.9,1.361,1,0.0,0
2024-12-06,sh.600010,1.97,2.07,1.96,2.05,1.97,1051813562,2123997754.37,3.3394,1,4.0609,0
2024-12-09,sh.600010,2.08,2.15,2.01,2.03,2.05,961768382,1986880454.25,3.0535,1,-0.9756,0
2024-12-10,sh.600010,2.11,2.21,2.04,2.1,2.03,1370973916,2910866729.94,4.3527,1,3.4483,0
2024-12-11,sh.600010,2.07,2.15,2.05,2.11,2.1,968302325,2038917289.98,3.0743,1,0.4762,0
2024-12-12,sh.600010,2.11,2.12,2.03,2.06,2.11,815348890,1685088253.06,2.5886,1,-2.3697,0
2024-12-13,sh.600010,2.05,2.08,2.0,2.01,2.06,636211113,1288954882.91,2.0199,1,-2.4272,0
2024-12-16,sh.600010,2.01,2.01,1.98,1.98,2.01,372089762,740154313.09,1.1813,1,-1.4925,0
2024-12-17,sh.600010,1.98,1.99,1.94,1.95,1.98,393696933,769954530.05,1.2499,1,-1.5152,0
2024-12-18,sh.600010,1.95,2.0,1.95,1.98,1.95,372269920,737267979.0,1.1819,1,1.5385,0
2024-12-19,sh.600010,1.96,1.97,1.93,1.96,1.98,379249328,739260339.75,1.2041,1,-1.0101,0
2024-12-20,sh.600010,1.96,1.97,1.94,1.95,1.96,283254803,552425850.28,0.8993,1,-0.5102,0
2024-12-23,sh.600010,1.95,1.95,1.9,1.9,1.95,371174688,713375202.31,1.1784,1,-2.5641,0
2024-12-24,sh.600010,1.9,1.92,1.9,1.92,1.9,251710564,481011506.08,0.7992,1,1.0526,0
2024-12-25,sh.600010,1.92,1.93,1.88,1.89,1.92,280669076,532632874.09,0.8911,1,-1.5625,0
2024-12-26,sh.600010,1.89,1.91,1.89,1.89,1.89,192186415,364836445.15,0.6102,1,0.0,0
2024-12-27,sh.600010,1.89,1.95,1.89,1.92,1.89,409256535,786753579.88,1.2993,1,1.5873,0
2024-12-30,sh.600010,1.92,1.92,1.89,1.9,1.92,288825655,549041885.75,0.917,1,-1.0417,0
2024-12-31,sh.600010,1.9,1.91,1.86,1.86,1.9,317389360,597087359.8,1.0077,1,-2.1053,0
2025-01-02,sh.600010,1.86,1.88,1.8,1.81,1.86,423627237,779031988.82,1.345,1,-2.6882,0
2025-01-03,sh.600010,1.82,1.84,1.76,1.78,1.81,450381737,812040009.93,1.4299,1,-1.6575,0
2025-01-06,sh.600010,1.78,1.84,1.76,1.8,1.78,393642106,707160599.78,1.2498,1,1.1236,0
2025-01-07,sh.600010,1.8,1.85,1.79,1.83,1.8,371400174,678411089.53,1.1792,1,1.6667,0
2025-01-08,sh.600010,1.82,1.83,1.75,1.8,1.83,392583660,701669658.27,1.2464,1,-1.6393,0
2025-01-09,sh.600010,1.79,1.82,1.78,1.79,1.8,235435790,423686073.4,0.7475,1,-0.5556,0
2025-01-10,sh.600010,1.8,1.82,1.77,1.77,1.79,302112937,540912675.09,0.9592,1,-1.1173,0
2025-01-13,sh.600010,1.76,1.8,1.75,1.79,1.77,272715188,484682819.24,0.8658,1,1.1299,0
2025-01-14,sh.600010,1.79,1.85,1.78,1.84,1.79,412265728,750060380.83,1.3089,1,2.7933,0
2025-01-15,sh.600010,1.83,1.85,1.8,1.82,1.84,337387655,614106234.73,1.0712,1,-1.087,0
2025-01-16,sh.600010,1.83,1.86,1.8,1.82,1.82,384235766,704273792.92,1.2199,1,0.0,0
2025-01-17,sh.600010,1.82,1.83,1.79,1.82,1.82,273587180,495674663.0,0.8686,1,0.0,0
2025-01-20,sh.600010,1.83,1.84,1.8,1.8,1.82,252823183,457790756.0,0.8027,1,-1.0989,0
2025-01-21,sh.600010,1.81,1.82,1.78,1.78,1.8,201356720,360229851.6,0.6393,1,-1.1111,0
2025-01-22,sh.600010,1.79,1.79,1.76,1.77,1.78,202339462,358899120.57,0.6424,1,-0.5618,0
2025-01-23,sh.600010,1.79,1.82,1.77,1.77,1.77,318863735,572421704.27,1.0124,1,0.0,0
2025-01-24,sh.600010,1.77,1.81,1.76,1.8,1.77,377506457,675130634.16,1.1985,1,1.6949,0
2025-01-27,sh.600010,1.8,1.86,1.77,1.78,1.8,450405590,816028337.2,1.43,1,-1.1111,0
2025-02-05,sh.600010,1.8,1.84,1.78,1.81,1.78,369135393,668351492.13,1.172,1,1.6854,0
2025-02-06,sh.600010,1.81,1.89,1.8,1.87,1.81,729228696,1347084906.19,2.3152,1,3.3149,0
2025-02-07,sh.600010,1.86,1.9,1.85,1.89,1.87,523263136,982823169.68,1.6613,1,1.0695,0
2025-02-10,sh.600010,1.89,1.92,1.87,1.89,1.89,411751643,777928639.64,1.3073,1,0.0,0
2025-02-11,sh.600010,1.89,1.89,1.85,1.86,1.89,370609230,690815416.6,1.1766,1,-1.5873,0
2025-02-12,sh.600010,1.86,1.87,1.83,1.85,1.86,308103388,568841809.32,0.9782,1,-0.5376,0
2025-02-13,sh.600010,1.86,1.87,1.84,1.84,1.85,322705903,597272420.43,1.0246,1,-0.5405,0
2025-02-14,sh.600010,1.84,1.85,1.81,1.82,1.84,335024797,611867550.35,1.0637,1,-1.087,0
2025-02-17,sh.600010,1.81,1.84,1.81,1.82,1.82,339686049,619375221.11,1.0785,1,0.0,0
2025-02-18,sh.600010,1.82,1.83,1.78,1.78,1.82,342923385,616603893.5,1.0887,1,-2.1978,0
2025-02-19,sh.600010,1.78,1.8,1.77,1.8,1.78,260769487,466798547.53,0.8279,1,1.1236,0
2025-02-20,sh.600010,1.81,1.92,1.81,1.86,1.8,848721873,1588010988.49,2.6946,1,3.3333,0
2025-02-21,sh.600010,1.85,1.9,1.83,1.84,1.86,469399215,871981756.46,1.4903,1,-1.0753,0
2025-02-24,sh.600010,1.84,1.88,1.84,1.85,1.84,338521662,627907474.9,1.0748,1,0.5435,0
2025-02-25,sh.600010,1.84,1.87,1.82,1.85,1.85,400637353,738339899.36,1.272,1,0.0,0
2025-02-26,sh.600010,1.86,1.92,1.85,1.91,1.85,804522730,1524739062.3,2.5543,1,3.2432,0
2025-02-27,sh.600010,1.91,1.92,1.84,1.86,1.91,535395400,1000223027.17,1.6998,1,-2.6178,0
2025-02-28,sh.600010,1.85,1.87,1.81,1.81,1.86,391823476,720341118.24,1.244,1,-2.6882,0
2025-03-03,sh.600010,1.84,1.88,1.83,1.84,1.81,482051331,893595605.7,1.5305,1,1.6575,0
2025-03-04,sh.600010,1.85,1.9,1.84,1.87,1.84,582440041,1091797142.18,1.8492,1,1.6304,0
2025-03-05,sh.600010,1.86,1.87,1.82,1.84,1.87,440369645,809296087.16,1.4033,1,-1.6043,0
2025-03-06,sh.600010,1.84,1.86,1.83,1.84,1.84,321484835,591920062.6,1.0245,1,0.0,0
2025-03-07,sh.600010,1.84,1.88,1.83,1.86,1.84,470075754,874508756.83,1.498,1,1.087,0
2025-03-10,sh.600010,1.86,1.87,1.83,1.86,1.86,369493506,681045867.01,1.1775,1,0.0,0
2025-03-11,sh.600010,1.84,1.91,1.83,1.91,1.86,777236240,1463724157.0,2.4768,1,2.6882,0
2025-03-12,sh.600010,1.91,1.97,1.89,1.9,1.91,661264115,1274719218.05,2.1072,1,-0.5236,0
2025-03-13,sh.600010,1.9,1.97,1.88,1.91,1.9,680104891,1307752205.23,2.1673,1,0.5263,0
2025-03-14,sh.600010,1.93,1.94,1.87,1.9,1.91,527804209,1000013779.32,1.6819,1,-0.5236,0
2025-03-17,sh.600010,1.9,1.93,1.88,1.89,1.9,477156468,907374086.91,1.5205,1,-0.5263,0
2025-03-18,sh.600010,1.89,1.91,1.88,1.89,1.89,375506623,709508534.44,1.1966,1,0.0,0
2025-03-19,sh.600010,1.88,1.89,1.86,1.87,1.89,321396838,601189275.48,1.0242,1,-1.0582,0
2025-03-20,sh.600010,1.86,1.89,1.86,1.87,1.87,292567176,548537940.12,0.9323,1,0.0,0
2025-03-21,sh.600010,1.86,1.89,1.85,1.86,1.87,376018238,702542967.92,1.1982,1,-0.5348,0
2025-03-24,sh.600010,1.86,1.87,1.83,1.85,1.86,380100293,701569552.32,1.2113,1,-0.5376,0
2025-03-25,sh.600010,1.85,1.88,1.84,1.86,1.85,318061981,592365631.06,1.0136,1,0.5405,0
2025-03-26,sh.600010,1.87,1.89,1.85,1.87,1.86,339744954,636794942.07,1.0827,1,0.5376,0
2025-03-27,sh.600010,1.87,1.87,1.84,1.85,1.87,313485642,580621431.05,0.999,1,-1.0695,0
2025-03-28,sh.600010,1.85,1.86,1.81,1.83,1.85,428856564,783578612.85,1.3666,1,-1.0811,0
2025-03-31,sh.600010,1.82,1.83,1.78,1.79,1.83,351782123,632377703.04,1.121,1,-2.1858,0
2025-04-01,sh.600010,1.79,1.81,1.79,1.8,1.79,205008940,369019428.81,0.6533,1,0.5587,0
2025-04-02,sh.600010,1.8,1.81,1.79,1.79,1.8,160283265,288164039.7,0.5108,1,-0.5556,0
2025-04-03,sh.600010,1.79,1.81,1.78,1.8,1.79,193430729,348004315.4,0.6164,1,0.5587,0
2025-04-07,sh.600010,1.78,1.79,1.62,1.65,1.8,792821766,1333607769.49,2.5265,1,-8.3333,0
2025-04-08,sh.600010,1.64,1.72,1.63,1.71,1.65,572028579,960100198.77,1.8229,1,3.6364,0
2025-04-09,sh.600010,1.68,1.75,1.63,1.75,1.71,596600036,1011721157.8,1.9012,1,2.3392,0
2025-04-10,sh.600010,1.75,1.78,1.73,1.76,1.75,428576111,754673467.74,1.3657,1,0.5714,0
2025-04-11,sh.600010,1.76,1.81,1.75,1.78,1.76,479134137,851959665.18,1.5268,1,1.1364,0
2025-04-14,sh.600010,1.78,1.8,1.76,1.77,1.78,304315986,541914042.03,0.9698,1,-0.5618,0
2025-04-15,sh.600010,1.77,1.78,1.73,1.75,1.77,269218007,470940307.41,0.8579,1,-1.1299,0
2025-04-16,sh.600010,1.75,1.76,1.73,1.76,1.75,245104445,427633293.0,0.7811,1,0.5714,0
2025-04-17,sh.600010,1.75,1.77,1.74,1.77,1.76,200719612,353206692.9,0.6396,1,0.5682,0
2025-04-18,sh.600010,1.76,1.77,1.74,1.76,1.77,145647129,255234327.55,0.4641,1,-0.565,0
2025-04-21,sh.600010,1.77,1.82,1.76,1.79,1.76,383509822,689375994.98,1.2221,1,1.7045,0
2025-04-22,sh.600010,1.8,1.81,1.78,1.78,1.79,184194712,329676335.36,0.587,1,-0.5587,0
2025-04-23,sh.600010,1.79,1.8,1.76,1.77,1.78,233052651,413397274.07,0.7427,1,-0.5618,0
2025-04-24,sh.600010,1.77,1.78,1.75,1.76,1.77,181259714,319994987.82,0.5776,1,-0.565,0
2025-04-25,sh.600010,1.77,1.8,1.76,1.79,1.76,259201008,461233259.89,0.826,1,1.7045,0
2025-04-28,sh.600010,1.78,1.8,1.77,1.78,1.79,220058863,391690429.71,0.7013,1,-0.5587,0
2025-04-29,sh.600010,1.77,1.78,1.75,1.76,1.78,252918270,445945322.18,0.806,1,-1.1236,0
2025-04-30,sh.600010,1.76,1.77,1.73,1.73,1.76,208550750,363334506.7,0.6646,1,-1.7045,0
2025-05-06,sh.600010,1.75,1.85,1.74,1.83,1.73,748862448,1353027730.84,2.3864,1,5.7803,0
2025-05-07,sh.600010,1.84,1.85,1.8,1.83,1.83,389945743,709777848.43,1.2426,1,0.0,0
2025-05-08,sh.600010,1.82,1.83,1.81,1.82,1.83,224837408,408768343.28,0.7165,1,-0.5464,0
2025-05-09,sh.600010,1.82,1.82,1.79,1.8,1.82,259449329,466911109.31,0.8268,1,-1.0989,0
2025-05-12,sh.600010,1.8,1.82,1.78,1.81,1.8,311755695,560229060.48,0.9935,1,0.5556,0
2025-05-13,sh.600010,1.82,1.83,1.79,1.8,1.81,235804923,424573474.86,0.7514,1,-0.5525,0
2025-05-14,sh.600010,1.79,1.83,1.78,1.81,1.8,373597354,676408301.54,1.1905,1,0.5556,0
2025-05-15,sh.600010,1.81,1.84,1.8,1.81,1.81,415575752,755992093.28,1.3243,1,0.0,0
2025-05-16,sh.600010,1.8,1.81,1.78,1.8,1.81,303169778,544103285.22,0.9661,1,-0.5525,0
2025-05-19,sh.600010,1.79,1.8,1.78,1.79,1.8,180834487,323670461.28,0.5763,1,-0.5556,0
2025-05-20,sh.600010,1.79,1.8,1.78,1.79,1.79,182552440,326630275.6,0.5817,1,0.0,0
2025-05-21,sh.600010,1.79,1.8,1.78,1.78,1.79,164005860,293116580.2,0.5226,1,-0.5587,0
2025-05-22,sh.600010,1.78,1.79,1.75,1.76,1.78,274314346,485090838.02,0.8741,1,-1.1236,0
2025-05-23,sh.600010,1.76,1.77,1.74,1.75,1.76,178634809,313840238.55,0.5692,1,-0.5682,0
2025-05-26,sh.600010,1.75,1.76,1.74,1.75,1.75,156269806,273706547.9,0.498,1,0.0,0
2025-05-27,sh.600010,1.76,1.76,1.74,1.75,1.75,113679811,198690468.52,0.3623,1,0.0,0
2025-05-28,sh.600010,1.75,1.76,1.73,1.74,1.75,151205507,263081969.11,0.4818,1,-0.5714,0
2025-05-29,sh.600010,1.74,1.76,1.73,1.75,1.74,169983282,297235425.58,0.5417,1,0.5747,0
2025-05-30,sh.600010,1.75,1.76,1.73,1.74,1.75,145107726,252659519.78,0.4624,1,-0.5714,0
2025-06-03,sh.600010,1.74,1.75,1.73,1.73,1.74,177059881,307485266.13,0.5642,1,-0.5747,0
2025-06-04,sh.600010,1.73,1.77,1.73,1.76,1.73,287260339,503649958.45,0.9154,1,1.7341,0
2025-06-05,sh.600010,1.76,1.77,1.74,1.75,1.76,216695058,380365685.5,0.6905,1,-0.5682,0
2025-06-06,sh.600010,1.75,1.76,1.74,1.75,1.75,161024360,281783556.6,0.5131,1,0.0,0
2025-06-09,sh.600010,1.76,1.8,1.76,1.79,1.75,451660994,803371048.86,1.4393,1,2.2857,0
2025-06-10,sh.600010,1.79,1.79,1.76,1.77,1.79,277253550,491489496.7,0.8835,1,-1.1173,0
2025-06-11,sh.600010,1.77,1.86,1.76,1.83,1.77,754437463,1370528928.95,2.4041,1,3.3898,0
2025-06-12,sh.600010,1.82,1.87,1.81,1.84,1.83,631417452,1159200439.36,2.0121,1,0.5464,0
2025-06-13,sh.600010,1.84,1.85,1.8,1.81,1.84,402750504,731637319.16,1.2834,1,-1.6304,0
2025-06-16,sh.600010,1.81,1.85,1.8,1.82,1.81,331083642,603363810.44,1.0551,1,0.5525,0
2025-06-17,sh.600010,1.82,1.83,1.8,1.81,1.82,268017090,486158251.13,0.8541,1,-0.5495,0
2025-06-18,sh.600010,1.81,1.81,1.77,1.77,1.81,260939375,465430890.38,0.8315,1,-2.2099,0
2025-06-19,sh.600010,1.77,1.78,1.74,1.74,1.77,297813300,522298101.8,0.949,1,-1.6949,0
2025-06-20,sh.600010,1.75,1.76,1.73,1.74,1.74,222908224,388674067.32,0.7103,1,0.0,0
2025-06-23,sh.600010,1.73,1.76,1.73,1.75,1.74,200605244,350593478.8,0.6393,1,0.5747,0
2025-06-24,sh.600010,1.75,1.77,1.74,1.77,1.75,222731165,392405235.4,0.7098,1,1.1429,0
2025-06-25,sh.600010,1.77,1.8,1.76,1.79,1.77,329658870,588691897.99,1.0505,1,1.1299,0
2025-06-26,sh.600010,1.79,1.8,1.77,1.77,1.79,212469029,379103269.74,0.6771,1,-1.1173,0
2025-06-27,sh.600010,1.78,1.82,1.77,1.77,1.77,364333714,652585381.74,1.161,1,0.0,0
2025-06-30,sh.600010,1.78,1.8,1.77,1.79,1.77,274532902,491462728.75,0.8748,1,1.1299,0
2025-07-01,sh.600010,1.79,1.8,1.77,1.79,1.79,229984560,410562170.6,0.7329,1,0.0,0
2025-07-02,sh.600010,1.79,1.84,1.78,1.83,1.79,584236081,1059217747.36,1.8618,1,2.2346,0
2025-07-03,sh.600010,1.82,1.83,1.79,1.82,1.83,384818285,696821545.84,1.2263,1,-0.5464,0
2025-07-04,sh.600010,1.82,1.85,1.81,1.81,1.82,353826255,646643062.95,1.1275,1,-0.5495,0
2025-07-07,sh.600010,1.81,1.82,1.79,1.8,1.81,226981474,409247807.35,0.7233,1,-0.5525,0
2025-07-08,sh.600010,1.8,1.85,1.79,1.84,1.8,548866062,1003243261.43,1.7491,1,2.2222,0
2025-07-09,sh.600010,1.85,1.86,1.81,1.82,1.84,401397823,735047669.86,1.2791,1,-1.087,0
2025-07-10,sh.600010,1.86,1.94,1.84,1.9,1.82,1261843648,2381912897.81,4.0211,1,4.3956,0
2025-07-11,sh.600010,1.99,2.09,1.97,2.09,1.9,1395559825,2862864852.46,4.4472,1,10.0,0
2025-07-14,sh.600010,2.2,2.29,2.1,2.12,2.09,2897175492,6321177806.24,9.2323,1,1.4354,0
2025-07-15,sh.600010,2.12,2.16,2.01,2.03,2.12,1720292948,3555552761.61,5.482,1,-4.2453,0
2025-07-16,sh.600010,2.03,2.05,1.98,2.0,2.03,1054865998,2117121756.21,3.3615,1,-1.4778,0
2025-07-17,sh.600010,1.99,2.04,1.97,2.01,2.0,904222458,1807937896.16,2.8815,1,0.5,0
2025-07-18,sh.600010,2.02,2.2,2.01,2.14,2.01,2164730862,4591689416.5,6.8983,1,6.4677,0
2025-07-21,sh.600010,2.15,2.25,2.15,2.2,2.14,1930482298,4251690201.22,6.1518,1,2.8037,0
2025-07-22,sh.600010,2.19,2.23,2.16,2.19,2.2,1348697865,2955466324.41,4.2978,1,-0.4545,0
2025-07-23,sh.600010,2.19,2.41,2.17,2.29,2.19,2732266155,6352205820.4,8.7068,1,4.5662,0
2025-07-24,sh.600010,2.24,2.52,2.22,2.52,2.29,2693263068,6569046505.63,8.5825,1,10.0437,0
2025-07-25,sh.600010,2.59,2.64,2.43,2.47,2.52,3341242453,8385899848.14,10.6474,1,-1.9841,0
2025-07-28,sh.600010,2.5,2.58,2.47,2.52,2.47,2122111937,5346001474.78,6.7625,1,2.0243,0
2025-07-29,sh.600010,2.51,2.71,2.48,2.65,2.52,2375568780,6208287486.7,7.5701,1,5.1587,0
2025-07-30,sh.600010,2.75,2.92,2.66,2.92,2.65,3617746433,10191375884.09,11.5285,1,10.1887,0
2025-07-31,sh.600010,2.89,2.9,2.67,2.69,2.92,3131253719,8581661901.05,9.9782,1,-7.8767,0
2025-08-01,sh.600010,2.61,2.66,2.52,2.53,2.69,2151444151,5542951784.44,6.8559,1,-5.948,0
2025-08-04,sh.600010,2.49,2.56,2.47,2.51,2.53,1283880047,3223533331.51,4.0913,1,-0.7905,0
2025-08-05,sh.600010,2.5,2.62,2.5,2.59,2.51,1552419201,4003159689.13,4.947,1,3.1873,0
2025-08-06,sh.600010,2.59,2.61,2.51,2.53,2.59,1241883857,3149996236.81,3.9575,1,-2.3166,0
2025-08-07,sh.600010,2.54,2.67,2.43,2.62,2.53,2175528945,5505766284.68,6.9327,1,3.5573,0
2025-08-08,sh.600010,2.56,2.61,2.53,2.58,2.62,1272242526,3270159941.43,4.0542,1,-1.5267,0
2025-08-11,sh.600010,2.62,2.64,2.56,2.57,2.58,1116829459,2884795756.5,3.559,1,-0.3876,0
2025-08-12,sh.600010,2.55,2.56,2.5,2.51,2.57,1023918844,2574589625.67,3.2629,1,-2.3346,0
2025-08-13,sh.600010,2.51,2.53,2.49,2.51,2.51,928453890,2329024596.5,2.9587,1,0.0,0
2025-08-14,sh.600010,2.51,2.54,2.49,2.5,2.51,1088158727,2735926360.0,3.4676,1,-0.3984,0
2025-08-15,sh.600010,2.47,2.55,2.47,2.51,2.5,1123459802,2825212615.04,3.5801,1,0.4,0
2025-08-18,sh.600010,2.54,2.72,2.5,2.68,2.51,2322474483,6113620456.56,7.4009,1,6.7729,0
2025-08-19,sh.600010,2.68,2.75,2.63,2.66,2.68,1934510472,5172038854.94,6.1646,1,-0.7463,0
2025-08-20,sh.600010,2.63,2.72,2.58,2.64,2.66,1501253428,3967837295.52,4.784,1,-0.7519,0
2025-08-21,sh.600010,2.62,2.82,2.61,2.68,2.64,1910885998,5189160895.33,6.0893,1,1.5152,0
2025-08-22,sh.600010,2.67,2.77,2.66,2.72,2.68,1835188556,5003484828.41,5.8481,1,1.4925,0
2025-08-25,sh.600010,2.75,2.99,2.73,2.99,2.72,2122825075,6195590906.83,6.7647,1,9.9265,0
2025-08-26,sh.600010,2.99,2.99,2.77,2.77,2.99,3060638346,8678786108.63,9.7532,1,-7.3579,0
2025-08-27,sh.600010,2.78,2.9,2.74,2.79,2.77,2518928302,7099385671.87,8.027,1,0.722,0
2025-08-28,sh.600010,2.75,2.89,2.74,2.8,2.79,1979121775,5555558410.99,6.3068,1,0.3584,0
2025-08-29,sh.600010,2.81,2.92,2.78,2.79,2.8,2061454621,5832630758.57,6.5692,1,-0.3571,0
2025-09-01,sh.600010,2.81,2.81,2.69,2.75,2.79,1680290498,4601052091.1,5.3545,1,-1.4337,0
2025-09-02,sh.600010,2.72,2.73,2.62,2.65,2.75,1477122770,3929679297.78,4.7071,1,-3.6364,0
2025-09-03,sh.600010,2.65,2.68,2.53,2.56,2.65,1242908835,3222673197.83,3.9607,1,-3.3962,0
2025-09-04,sh.600010,2.54,2.57,2.39,2.44,2.56,1301310750,3228887962.05,4.1468,1,-4.6875,0
2025-09-05,sh.600010,2.43,2.49,2.39,2.48,2.44,1005364022,2457878592.42,3.2038,1,1.6393,0
2025-09-08,sh.600010,2.48,2.52,2.45,2.46,2.48,811492085,2008740397.79,2.586,1,-0.8065,0
2025-09-09,sh.600010,2.45,2.5,2.43,2.44,2.46,883767330,2174633377.94,2.8163,1,-0.813,0
2025-09-10,sh.600010,2.42,2.48,2.41,2.43,2.44,756111129,1845135221.01,2.4095,1,-0.4098,0
2025-09-11,sh.600010,2.43,2.49,2.4,2.48,2.43,969037702,2376883178.49,3.088,1,2.0576,0
2025-09-12,sh.600010,2.48,2.54,2.46,2.52,2.48,1215258718,3043145779.13,3.8726,1,1.6129,0
2025-09-15,sh.600010,2.52,2.56,2.49,2.51,2.52,826010180,2076089416.76,2.6322,1,-0.3968,0
2025-09-16,sh.600010,2.51,2.52,2.43,2.5,2.51,947906147,2335167905.62,3.0207,1,-0.3984,0
2025-09-17,sh.600010,2.46,2.48,2.44,2.48,2.5,645526710,1590457176.18,2.0571,1,-0.8,0
2025-09-18,sh.600010,2.47,2.49,2.39,2.41,2.48,944021483,2307925350.96,3.0083,1,-2.8226,0
2025-09-19,sh.600010,2.41,2.45,2.38,2.38,2.41,624673649,1503851671.25,1.9906,1,-1.2448,0
2025-09-22,sh.600010,2.38,2.39,2.33,2.38,2.38,673645572,1591271567.72,2.1467,1,0.0,0
2025-09-23,sh.600010,2.37,2.38,2.27,2.3,2.38,792701007,1831435514.19,2.5261,1,-3.3613,0
2025-09-24,sh.600010,2.3,2.34,2.28,2.31,2.3,500058362,1156651157.3,1.5935,1,0.4348,0
2025-09-25,sh.600010,2.31,2.34,2.3,2.31,2.31,517376410,1198485994.79,1.6487,1,0.0,0
2025-09-26,sh.600010,2.31,2.35,2.28,2.28,2.31,547396568,1266707754.97,1.7444,1,-1.2987,0
2025-09-29,sh.600010,2.28,2.35,2.26,2.34,2.28,785547125,1816910547.67,2.5033,1,2.6316,0
2025-09-30,sh.600010,2.34,2.42,2.34,2.38,2.34,785505317,1870868763.92,2.5031,1,1.7094,0
2025-10-09,sh.600010,2.46,2.61,2.42,2.58,2.38,1936841828,4935404093.07,6.1721,1,8.4034,0
2025-10-10,sh.600010,2.56,2.56,2.49,2.54,2.58,1271309241,3219211172.42,4.0512,1,-1.5504,0
2025-10-13,sh.600010,2.79,2.79,2.7,2.79,2.54,2559651612,7104522818.35,8.1567,1,9.8425,0
2025-10-14,sh.600010,2.93,3.07,2.88,2.91,2.79,5171252926,15530844264.92,16.479,1,4.3011,0
2025-10-15,sh.600010,2.92,2.98,2.67,2.77,2.91,3463425238,9691838230.54,11.0368,1,-4.811,0
2025-10-16,sh.600010,2.72,2.82,2.68,2.73,2.77,1807763489,4970662944.26,5.7607,1,-1.444,0
2025-10-17,sh.600010,2.73,2.89,2.7,2.71,2.73,2230219201,6212598233.0,7.107,1,-0.7326,0
2025-10-20,sh.600010,2.7,2.72,2.62,2.66,2.71,1550008820,4127225071.02,4.9394,1,-1.845,0
2025-10-21,sh.600010,2.64,2.69,2.62,2.67,2.66,995777684,2650982149.68,3.1732,1,0.3759,0
2025-10-22,sh.600010,2.63,2.66,2.59,2.63,2.67,900241800,2365740177.34,2.8688,1,-1.4981,0
2025-10-23,sh.600010,2.63,2.66,2.58,2.64,2.63,723302394,1892717975.12,2.3049,1,0.3802,0
2025-10-24,sh.600010,2.64,2.67,2.62,2.63,2.64,824563926,2177256300.97,2.6276,1,-0.3788,0
2025-10-27,sh.600010,2.64,2.69,2.64,2.67,2.63,1061326591,2834982588.65,3.3821,1,1.5209,0
2025-10-28,sh.600010,2.67,2.68,2.58,2.59,2.67,1106462296,2891745169.99,3.5259,1,-2.9963,0
2025-10-29,sh.600010,2.58,2.62,2.56,2.62,2.59,701438551,1816986140.04,2.2352,1,1.1583,0
2025-10-30,sh.600010,2.6,2.72,2.59,2.62,2.62,1474414050,3903383585.27,4.6985,1,0.0,0
2025-10-31,sh.600010,2.6,2.6,2.54,2.54,2.62,1067446678,2733654068.78,3.4016,1,-3.0534,0
2025-11-03,sh.600010,2.75,2.76,2.63,2.66,2.54,1853231834,4984648275.93,5.9056,1,4.7244,0
2025-11-04,sh.600010,2.67,2.87,2.66,2.8,2.66,2513930847,7001107019.3,8.011,1,5.2632,0
2025-11-05,sh.600010,2.73,2.74,2.67,2.72,2.8,1614812284,4367496122.04,5.1459,1,-2.8571,0
2025-11-06,sh.600010,2.72,2.75,2.69,2.72,2.72,1183174446,3217091264.87,3.7704,1,0.0,0
2025-11-07,sh.600010,2.71,2.74,2.68,2.7,2.72,881943840,2385993344.64,2.8105,1,-0.7353,0
2025-11-10,sh.600010,2.7,2.72,2.66,2.67,2.7,879231198,2356303335.05,2.8018,1,-1.1111,0
2025-11-11,sh.600010,2.66,2.68,2.62,2.64,2.67,704491987,1858710434.63,2.245,1,-1.1236,0
2025-11-12,sh.600010,2.63,2.64,2.59,2.6,2.64,615702208,1606104256.75,1.962,1,-1.5152,0
2025-11-13,sh.600010,2.6,2.65,2.59,2.64,2.6,769410957,2022682069.71,2.4519,1,1.5385,0
2025-11-14,sh.600010,2.62,2.68,2.6,2.65,2.64,785175518,2071832516.41,2.5021,1,0.3788,0
2025-11-17,sh.600010,2.65,2.68,2.62,2.63,2.65,603456328,1594917902.52,1.923,1,-0.7547,0
2025-11-18,sh.600010,2.62,2.63,2.54,2.55,2.63,836273524,2149731236.65,2.6649,1,-3.0418,0
2025-11-19,sh.600010,2.55,2.56,2.51,2.56,2.55,656567726,1664458641.2,2.0923,1,0.3922,0
2025-11-20,sh.600010,2.55,2.58,2.53,2.53,2.56,469649157,1198186153.4,1.4966,1,-1.1719,0
2025-11-21,sh.600010,2.5,2.51,2.41,2.41,2.53,766809345,1878194463.05,2.4436,1,-4.7431,0
2025-11-24,sh.600010,2.42,2.45,2.4,2.44,2.41,521503789,1264117058.23,1.6619,1,1.2448,0
2025-11-25,sh.600010,2.44,2.47,2.43,2.45,2.44,363902971,890910060.54,1.1596,1,0.4098,0
2025-11-26,sh.600010,2.44,2.45,2.42,2.42,2.45,328847713,800480569.22,1.0479,1,-1.2245,0
2025-11-27,sh.600010,2.42,2.44,2.41,2.42,2.42,284792288,690826827.88,0.9075,1,0.0,0
2025-11-28,sh.600010,2.41,2.44,2.38,2.43,2.42,431105256,1040277720.41,1.3738,1,0.4132,0
2025-12-01,sh.600010,2.44,2.5,2.43,2.49,2.43,630211885,1561118731.72,2.0083,1,2.4691,0
2025-12-02,sh.600010,2.48,2.49,2.43,2.45,2.49,420955835,1030071236.08,1.3414,1,-1.6064,0
2025-12-03,sh.600010,2.45,2.47,2.43,2.44,2.45,414023784,1015097239.44,1.3194,1,-0.4082,0
2025-12-04,sh.600010,2.44,2.45,2.41,2.42,2.44,318150518,772086911.16,1.0138,1,-0.8197,0
2025-12-05,sh.600010,2.42,2.48,2.41,2.47,2.42,467162764,1141370172.39,1.4887,1,2.0661,0
2025-12-08,sh.600010,2.46,2.47,2.44,2.45,2.47,397072283,973641923.0,1.2653,1,-0.8097,0
2025-12-09,sh.600010,2.44,2.45,2.4,2.41,2.45,432673121,1045530837.33,1.3788,1,-1.6327,0
2025-12-10,sh.600010,2.4,2.41,2.38,2.4,2.41,312587231,747811421.27,0.9961,1,-0.4149,0
2025-12-11,sh.600010,2.41,2.42,2.36,2.36,2.4,400479824,954964757.42,1.2762,1,-1.6667,0
2025-12-12,sh.600010,2.37,2.4,2.36,2.39,2.36,402611023,959393878.17,1.283,1,1.2712,0
2025-12-15,sh.600010,2.39,2.41,2.37,2.38,2.39,288655784,690510794.16,0.9198,1,-0.4184,0
2025-12-16,sh.600010,2.38,2.39,2.31,2.32,2.38,461647844,1075339975.89,1.4711,1,-2.521,0
2025-12-17,sh.600010,2.31,2.36,2.3,2.35,2.32,398470031,926375810.58,1.2698,1,1.2931,0
2025-12-18,sh.600010,2.34,2.37,2.33,2.34,2.35,275743003,646979203.0,0.8787,1,-0.4255,0
2025-12-19,sh.600010,2.34,2.38,2.33,2.37,2.34,417889336,987903474.19,1.3317,1,1.2821,0
2025-12-22,sh.600010,2.37,2.42,2.37,2.4,2.37,418230712,1004443014.36,1.3328,1,1.2658,0
2025-12-23,sh.600010,2.4,2.41,2.37,2.38,2.4,427037568,1018600034.71,1.3608,1,-0.8333,0
2025-12-24,sh.600010,2.38,2.39,2.36,2.38,2.38,341679754,811956607.99,1.0888,1,0.0,0
2025-12-25,sh.600010,2.38,2.4,2.37,2.39,2.38,301286390,719068542.06,0.9601,1,0.4202,0
2025-12-26,sh.600010,2.39,2.42,2.38,2.4,2.39,409424172,983394566.94,1.3047,1,0.4184,0
2025-12-29,sh.600010,2.41,2.43,2.39,2.4,2.4,388099737,933421160.42,1.2367,1,0.0,0
2025-12-30,sh.600010,2.38,2.4,2.36,2.38,2.4,377598638,900028667.91,1.2033,1,-0.8333,0
2025-12-31,sh.600010,2.38,2.4,2.37,2.38,2.38,335108376,798200375.97,1.0679,1,0.0,0
2026-01-05,sh.600010,2.39,2.44,2.39,2.43,2.38,646644703,1566572912.17,2.0606,1,2.1008,0
2026-01-06,sh.600010,2.43,2.52,2.43,2.52,2.43,950651999,2369929152.52,3.0294,1,3.7037,0
2026-01-07,sh.600010,2.56,2.62,2.52,2.58,2.52,1490283955,3831775653.51,4.749,1,2.381,0
2026-01-08,sh.600010,2.55,2.57,2.52,2.53,2.58,812469072,2064255221.28,2.5891,1,-1.938,0
2026-01-09,sh.600010,2.53,2.6,2.52,2.6,2.53,900157379,2319669744.66,2.8685,1,2.7668,0
2026-01-12,sh.600010,2.68,2.71,2.64,2.69,2.6,1696480847,4533256469.28,5.4061,1,3.4615,0
2026-01-13,sh.600010,2.68,2.68,2.58,2.61,2.69,1009669806,2653148802.11,3.2175,1,-2.974,0
2026-01-14,sh.600010,2.59,2.64,2.53,2.54,2.61,1250794689,3237465214.26,3.9859,1,-2.682,0
2026-01-15,sh.600010,2.54,2.6,2.53,2.54,2.54,760268773,1948069070.39,2.4227,1,0.0,0
2026-01-16,sh.600010,2.55,2.6,2.48,2.5,2.54,1150444599,2913118180.23,3.6661,1,-1.5748,0
2026-01-19,sh.600010,2.25,2.41,2.25,2.37,2.5,2097965611,4917868879.27,6.6855,1,-5.2,0
2026-01-20,sh.600010,2.33,2.4,2.31,2.37,2.37,1287090864,3021951266.42,4.1015,1,0.0,0
2026-01-21,sh.600010,2.36,2.5,2.36,2.43,2.37,1298251324,3166385403.36,4.1371,1,2.5316,0
2026-01-22,sh.600010,2.44,2.63,2.43,2.49,2.43,2235893752,5653310243.94,7.125,1,2.4691,0
2026-01-23,sh.600010,2.49,2.58,2.47,2.58,2.49,1337620653,3381855860.54,4.2625,1,3.6145,0
2026-01-26,sh.600010,2.59,2.62,2.54,2.57,2.58,1065841692,2747354635.39,3.3965,1,-0.3876,0
2026-01-27,sh.600010,2.57,2.62,2.5,2.54,2.57,956197546,2428994676.54,3.0471,1,-1.1673,0
2026-01-28,sh.600010,2.53,2.63,2.48,2.6,2.54,1471757813,3769882211.56,4.69,1,2.3622,0
2026-01-29,sh.600010,2.62,2.74,2.57,2.68,2.6,2532542582,6736208668.91,8.0704,1,3.0769,0
2026-01-30,sh.600010,2.6,2.6,2.43,2.51,2.68,2106351949,5258026036.83,6.7122,1,-6.3433,0
2026-02-02,sh.600010,2.42,2.45,2.34,2.36,2.51,1256493049,3012269333.89,4.004,1,-5.9761,0
2026-02-03,sh.600010,2.39,2.46,2.36,2.45,2.36,907998551,2180252972.78,2.8935,1,3.8136,0
2026-02-04,sh.600010,2.44,2.47,2.43,2.46,2.45,666459551,1634033579.42,2.1238,1,0.4082,0
2026-02-05,sh.600010,2.43,2.45,2.38,2.39,2.46,646445570,1553264820.94,2.06,1,-2.8455,0
2026-02-06,sh.600010,2.37,2.42,2.35,2.38,2.39,592857938,1413871539.32,1.8892,1,-0.4184,0
2026-02-09,sh.600010,2.41,2.55,2.4,2.53,2.38,1568941777,3901226189.47,4.9997,1,6.3025,0
2026-02-10,sh.600010,2.54,2.63,2.53,2.61,2.53,1582202746,4091318411.67,5.0419,1,3.1621,0
2026-02-11,sh.600010,2.59,2.71,2.58,2.67,2.61,1476176176,3922632884.52,4.7041,1,2.2989,0
2026-02-12,sh.600010,2.65,2.7,2.63,2.68,2.67,1141586721,3050506046.56,3.6379,1,0.3745,0
2026-02-13,sh.600010,2.64,2.66,2.59,2.62,2.68,1005991234,2631508981.57,3.2058,1,-2.2388,0
2026-02-24,sh.600010,2.68,2.7,2.62,2.66,2.62,1023484584,2726255344.72,3.2615,1,1.5267,0
2026-02-25,sh.600010,2.67,2.93,2.66,2.93,2.66,2076299789,5880190532.45,6.6165,1,10.1504,0
2026-02-26,sh.600010,3.0,3.0,2.89,2.98,2.93,3099828415,9126965812.65,9.8781,1,1.7065,0
2026-02-27,sh.600010,2.96,3.28,2.95,3.24,2.98,4077861966,13033075613.91,12.9948,1,8.7248,0
2026-03-02,sh.600010,3.25,3.41,3.13,3.32,3.24,3360457181,11021266194.14,10.7086,1,2.4691,0
2026-03-03,sh.600010,3.27,3.31,2.99,3.01,3.32,2832596171,8824403310.73,9.0265,1,-9.3373,0
2026-03-04,sh.600010,2.96,3.25,2.95,3.09,3.01,2160187298,6710149583.2,6.8838,1,2.6578,0
2026-03-05,sh.600010,3.15,3.24,3.06,3.1,3.09,1548720987,4834324286.61,4.9353,1,0.3236,0
2026-03-06,sh.600010,3.07,3.12,2.98,3.06,3.1,1311051614,3993949461.5,4.1779,1,-1.2903,0
2026-03-09,sh.600010,3.0,3.05,2.96,3.04,3.06,1183476715,3555293342.47,3.7713,1,-0.6536,0
2026-03-10,sh.600010,3.07,3.09,3.01,3.03,3.04,1229807149,3740403747.6,3.919,1,-0.3289,0
2026-03-11,sh.600010,3.0,3.03,2.93,2.96,3.03,1241787454,3682075300.53,3.9572,1,-2.3102,0
2026-03-12,sh.600010,2.95,2.97,2.92,2.95,2.96,824592245,2428306110.29,2.6277,1,-0.3378,0
2026-03-13,sh.600010,2.93,3.0,2.84,2.87,2.95,1445408936,4227243400.88,4.606,1,-2.7119,0
2026-03-16,sh.600010,2.85,2.87,2.72,2.82,2.87,1293733907,3604420682.24,4.1227,1,-1.7422,0
2026-03-17,sh.600010,2.82,2.87,2.76,2.78,2.82,808377437,2279511469.11,2.576,1,-1.4184,0
2026-03-18,sh.600010,2.78,2.79,2.7,2.75,2.78,689134831,1887465862.22,2.196,1,-1.0791,0
2026-03-19,sh.600010,2.7,2.71,2.59,2.61,2.75,979843836,2586761069.78,3.1224,1,-5.0909,0
2026-03-20,sh.600010,2.62,2.64,2.53,2.54,2.61,755233000,1952533699.2,2.4067,1,-2.682,0
2026-03-23,sh.600010,2.48,2.56,2.44,2.47,2.54,929154840,2317372456.28,2.9609,1,-2.7559,0
2026-03-24,sh.600010,2.51,2.53,2.45,2.51,2.47,764577814,1897878188.26,2.4365,1,1.6194,0
2026-03-25,sh.600010,2.54,2.59,2.53,2.58,2.51,882961703,2261878599.36,2.8137,1,2.7888,0
2026-03-26,sh.600010,2.57,2.58,2.49,2.5,2.58,627537166,1586003302.22,1.9997,1,-3.1008,0
2026-03-27,sh.600010,2.47,2.56,2.46,2.55,2.5,597350187,1512814032.9,1.9036,1,2.0,0
2026-03-30,sh.600010,2.52,2.57,2.49,2.56,2.55,605427080,1530737865.54,1.9293,1,0.3922,0
2026-03-31,sh.600010,2.56,2.58,2.5,2.51,2.56,624338820,1583932846.12,1.9896,1,-1.9531,0
2026-04-01,sh.600010,2.55,2.68,2.51,2.63,2.51,1428524407,3713937282.61,4.5522,1,4.7809,0
2026-04-02,sh.600010,2.6,2.67,2.57,2.62,2.63,1104007382,2881502856.73,3.5181,1,-0.3802,0
2026-04-03,sh.600010,2.62,2.75,2.6,2.66,2.62,1427485150,3822131531.27,4.5489,1,1.5267,0
2026-04-07,sh.600010,2.66,2.8,2.64,2.79,2.66,1388861015,3780326285.89,4.4258,1,4.8872,0
2026-04-08,sh.600010,2.81,2.84,2.76,2.83,2.79,1387315439,3893039680.81,4.4209,1,1.4337,0
2026-04-09,sh.600010,2.8,2.91,2.78,2.87,2.83,1178855552,3369375128.36,3.7566,1,1.4134,0
2026-04-10,sh.600010,2.92,2.94,2.8,2.83,2.87,1224082580,3487580784.25,3.9007,1,-1.3937,0
2026-04-13,sh.600010,2.95,3.07,2.89,2.98,2.83,2230811179,6627322590.74,7.1088,1,5.3004,0
2026-04-14,sh.600010,2.96,2.97,2.8,2.86,2.98,1840911292,5259858785.72,5.8664,1,-4.0268,0
2026-04-15,sh.600010,2.84,2.91,2.82,2.82,2.86,980678451,2800934635.45,3.1251,1,-1.3986,0
2026-04-16,sh.600010,2.82,2.88,2.82,2.88,2.82,923633091,2632929962.85,2.9433,1,2.1277,0
2026-04-17,sh.600010,2.86,2.9,2.85,2.86,2.88,702690139,2016684973.62,2.2392,1,-0.6944,0
2026-04-20,sh.600010,2.84,2.9,2.77,2.88,2.86,1129012050,3208662185.44,3.5978,1,0.6993,0
2026-04-21,sh.600010,2.87,2.9,2.85,2.87,2.88,695318630,1996620362.81,2.2157,1,-0.3472,0
2026-04-22,sh.600010,2.86,2.92,2.83,2.9,2.87,839910041,2413011460.21,2.6765,1,1.0453,0
2026-04-23,sh.600010,2.89,2.89,2.76,2.77,2.9,1188651519,3329544611.8,3.7878,1,-4.4828,0
2026-04-24,sh.600010,2.76,2.76,2.7,2.74,2.77,667440728,1821022136.52,2.1269,1,-1.083,0
2026-04-27,sh.600010,2.73,2.75,2.68,2.7,2.74,579494043,1570387641.7,1.8467,1,-1.4599,0
2026-04-28,sh.600010,2.69,2.77,2.66,2.74,2.7,757043815,2061234035.67,2.4124,1,1.4815,0
2026-04-29,sh.600010,2.6,2.79,2.56,2.76,2.74,1449326217,3920623535.29,4.6185,1,0.7299,0
2026-04-30,sh.600010,2.74,2.76,2.69,2.7,2.76,870216220,2361024154.35,2.7731,1,-2.1739,0
2026-05-06,sh.600010,2.72,2.83,2.7,2.82,2.7,1158670258,3215515370.97,3.6923,1,4.4444,0
2026-05-07,sh.600010,2.81,2.85,2.77,2.8,2.82,714667222,1998644666.59,2.2774,1,-0.7092,0
2026-05-08,sh.600010,2.8,2.8,2.72,2.77,2.8,718600317,1982250260.74,2.2899,1,-1.0714,0
2026-05-11,sh.600010,2.79,2.9,2.78,2.88,2.77,1404850290,4021090354.22,4.4768,1,3.9711,0
2026-05-12,sh.600010,2.88,2.89,2.75,2.77,2.88,1061617974,2965783971.94,3.383,1,-3.8194,0
2026-05-13,sh.600010,2.75,2.82,2.74,2.8,2.77,750545184,2094374370.39,2.3917,1,1.083,0
2026-05-14,sh.600010,2.78,2.8,2.68,2.68,2.8,823585544,2243922796.59,2.6245,1,-4.2857,0
2026-05-15,sh.600010,2.69,2.75,2.65,2.65,2.68,856247006,2296095527.34,2.7286,1,-1.1194,0
2026-05-18,sh.600010,2.63,2.64,2.58,2.59,2.65,537828196,1401281133.27,1.7139,1,-2.2642,0
2026-05-19,sh.600010,2.59,2.62,2.56,2.61,2.59,499887806,1292984522.2,1.593,1,0.7722,0
2026-05-20,sh.600010,2.6,2.64,2.56,2.6,2.61,505860325,1312667075.2,1.612,1,-0.3831,0
2026-05-21,sh.600010,2.6,2.63,2.53,2.54,2.6,616388213,1592531877.48,1.9642,1,-2.3077,0
2026-05-22,sh.600010,2.52,2.55,2.5,2.53,2.54,506650336,1279276268.15,1.6145,1,-0.3937,0
2026-05-25,sh.600010,2.54,2.57,2.51,2.53,2.53,502127662,1271199515.22,1.6033,1,0.0,0
2026-05-26,sh.600010,2.52,2.52,2.46,2.48,2.53,714543020,1772347484.55,2.2816,1,-1.9763,0
2026-05-27,sh.600010,2.47,2.48,2.37,2.38,2.48,752001258,1814268099.22,2.4012,1,-4.0323,0
2026-05-28,sh.600010,2.38,2.44,2.36,2.43,2.38,625905125,1502781843.52,1.9985,1,2.1008,0
2026-05-29,sh.600010,2.42,2.44,2.35,2.36,2.43,595433754,1420747462.42,1.9012,1,-2.8807,0
2026-06-01,sh.600010,2.36,2.39,2.36,2.37,2.36,348981608,828871325.87,1.1143,1,0.4237,0
2026-06-02,sh.600010,2.37,2.39,2.32,2.37,2.37,486499889,1147366388.65,1.5534,1,0.0,0
2026-06-03,sh.600010,2.36,2.46,2.35,2.41,2.37,672770558,1622788096.98,2.1482,1,1.6878,0
2026-06-04,sh.600010,2.39,2.43,2.36,2.42,2.41,529214691,1267467542.85,1.6898,1,0.4149,0
2026-06-05,sh.600010,2.4,2.45,2.4,2.42,2.42,564712526,1372791634.06,1.8031,1,0.0,0
2026-06-08,sh.600010,2.38,2.42,2.33,2.33,2.42,592968024,1403532278.62,1.8934,1,-3.719,0
2026-06-09,sh.600010,2.34,2.39,2.33,2.37,2.33,502369136,1182842526.84,1.6041,1,1.7167,0
2026-06-10,sh.600010,2.35,2.39,2.3,2.32,2.37,579252332,1355546432.12,1.8496,1,-2.1097,0
2026-06-11,sh.600010,2.3,2.33,2.27,2.31,2.32,463448718,1066351878.58,1.4798,1,-0.431,0
2026-06-12,sh.600010,2.34,2.44,2.33,2.39,2.31,893429203,2133300057.59,2.8527,1,3.4632,0
2026-06-15,sh.600010,2.42,2.45,2.38,2.41,2.39,664610615,1604426644.79,2.1221,1,0.8368,0
2026-06-16,sh.600010,2.4,2.51,2.38,2.47,2.41,957075412,2359463187.4,3.056,1,2.4896,0
2026-06-17,sh.600010,2.44,2.45,2.39,2.4,2.47,634471271,1531766170.88,2.0259,1,-2.834,0
2026-06-18,sh.600010,2.39,2.49,2.38,2.43,2.4,698867569,1700635999.09,2.2315,1,1.25,0
2026-06-22,sh.600010,2.44,2.52,2.4,2.52,2.43,1295532083,3197591214.83,4.1367,1,3.7037,0
2026-06-23,sh.600010,2.5,2.51,2.33,2.35,2.52,1249113158,3009561689.1,3.9885,1,-6.746,0
2026-06-24,sh.600010,2.33,2.35,2.3,2.33,2.35,513991001,1193317821.73,1.6412,1,-0.8511,0
2026-06-25,sh.600010,2.32,2.33,2.28,2.29,2.33,504531050,1160150361.38,1.611,1,-1.7167,0
