序号,代码,名称,最新价,今日排行榜-主力净占比,今日排行榜-今日排名,今日排行榜-今日涨跌,5日排行榜-主力净占比,5日排行榜-5日排名,5日排行榜-5日涨跌,10日排行榜-主力净占比,10日排行榜-10日排名,10日排行榜-10日涨跌,所属板块
1,688432,有研硅,30.9,7.7,325.0,20.0,-0.07,1768,21.7,-0.12,1741,33.59,半导体
2,688596,正帆科技,56.22,-2.14,2269.0,20.0,2.83,632,21.95,-1.63,2953,18.56,专用设备
3,688409,富创精密,269.04,9.41,223.0,17.48,2.26,798,32.34,0.91,1179,53.14,半导体
4,688584,上海合晶,34.18,-2.49,2372.0,17.01,-3.01,3251,14.43,-0.78,2356,19.18,半导体
5,688392,骄成超声,207.11,6.53,421.0,15.71,3.78,443,22.33,2.78,479,27.14,电池
6,688156,路德科技,29.91,1.89,1160.0,15.17,-3.53,3516,1.84,-3.43,4067,11.69,环境治理
7,688328,深科达,88.92,7.13,378.0,12.73,1.04,1218,14.0,1.81,756,32.16,专用设备
8,688028,沃尔德,144.1,0.54,1489.0,12.44,0.94,1262,22.86,-0.73,2309,39.9,通用设备
9,688272,富吉瑞,37.07,-2.53,2384.0,11.93,-5.01,4171,7.51,-6.61,5139,8.71,军工电子Ⅱ
10,688818,电科蓝天,70.91,5.31,570.0,11.49,-3.3,3402,1.59,-3.73,4198,6.38,航天装备Ⅱ
11,688110,东芯股份,200.0,0.14,1710.0,11.45,1.28,1159,29.52,2.68,545,57.51,半导体
12,688168,安博通,63.63,7.97,302.0,11.09,2.4,745,-3.42,0.65,1294,15.78,软件开发
13,688663,新风光,91.21,7.47,344.0,10.87,2.68,674,0.4,5.1,121,6.84,电网设备
14,688535,华海诚科,164.43,3.57,841.0,10.73,2.67,676,7.54,1.59,933,25.33,半导体
15,688359,三孚新科,189.59,5.42,544.0,9.98,2.44,726,8.07,0.12,1592,30.43,电子化学品Ⅱ
16,688102,斯瑞新材,44.26,-4.42,2920.0,9.77,-4.99,4158,-3.26,-1.91,3176,8.61,金属新材料
17,688003,天准科技,128.77,-2.09,2245.0,9.75,-0.59,2010,3.5,2.14,703,34.74,自动化设备
18,688448,磁谷科技,59.18,-13.38,4725.0,9.61,-1.9,2463,-0.99,-1.67,2739,14.4,通用设备
19,688349,三一重能,14.51,4.33,726.0,9.02,1.51,1026,2.76,1.51,886,6.85,风电设备
20,688665,四方光电,63.94,6.09,472.0,8.87,-1.25,2364,4.0,1.36,946,15.27,通用设备
21,688720,艾森股份,95.81,3.92,786.0,8.63,0.0,1692,11.6,-0.87,2218,30.34,半导体
22,688387,信科移动-U,19.68,7.37,355.0,8.55,4.19,373,11.06,1.26,988,24.95,通信设备
23,688519,南亚新材,411.7,0.23,1568.0,8.35,-1.36,2421,3.7,-1.9,3168,34.76,元件
24,688361,中科飞测,358.47,2.27,1082.0,7.97,1.26,1143,42.13,0.99,1229,68.49,半导体
25,688772,珠海冠宇,21.04,3.42,859.0,7.9,1.76,953,4.06,1.76,851,29.4,电池
26,688516,奥特维,57.9,7.09,381.0,7.6,-3.75,3629,-6.19,3.92,283,11.11,光伏设备
27,688605,先锋精科,99.03,7.02,386.0,7.09,4.27,359,13.92,0.69,1269,19.64,半导体
28,688550,瑞联新材,51.1,-2.45,2362.0,6.86,1.26,1145,7.53,0.0,1810,10.49,电子化学品Ⅱ
29,688603,天承科技,198.99,3.14,915.0,6.79,1.14,1191,2.23,-0.62,2241,22.49,电子化学品Ⅱ
30,688375,XD国博电,101.7,-3.45,2640.0,6.74,-6.57,4698,0.2,-1.57,2917,8.72,军工电子Ⅱ
31,688656,浩欧博,99.18,6.03,481.0,6.51,1.76,960,-5.95,5.49,105,2.41,医疗器械
32,688507,索辰科技,294.74,8.48,273.0,6.4,1.39,1088,15.81,-0.17,1769,42.83,软件开发
33,688079,美迪凯,30.43,1.56,1231.0,6.29,4.91,283,2.94,2.59,563,25.48,光学光电子
34,689009,九号公司-WD,37.77,2.73,992.0,6.18,0.72,1355,11.28,-0.11,1899,8.94,摩托车及其他
35,688115,思林杰,70.41,8.37,282.0,6.1,4.44,336,19.42,3.42,374,27.69,通用设备
36,688093,世华科技,36.81,11.28,157.0,6.02,9.89,30,23.44,5.6,96,31.65,其他电子Ⅱ
37,688037,芯源微,353.0,2.2,1093.0,6.01,1.28,1138,20.46,1.69,888,35.61,半导体
38,688066,*ST航图,10.62,2.63,1015.0,5.88,-6.4,4646,-19.3,-2.21,3397,-7.01,IT服务Ⅱ
39,688426,康为世纪,19.15,6.84,398.0,5.8,4.07,388,17.34,3.19,396,15.02,医疗器械
40,688233,神工股份,162.0,10.06,201.0,5.43,3.35,519,30.26,2.32,654,62.73,半导体
41,688669,聚石化学,93.37,-3.91,2773.0,5.23,-1.21,2339,41.96,-2.05,3277,91.76,塑料
42,688126,沪硅产业,35.0,-1.57,2091.0,5.07,-2.24,2896,8.7,-2.19,3384,7.69,半导体
43,688170,德龙激光,87.88,5.3,572.0,5.04,2.81,638,3.09,-0.36,2075,24.85,自动化设备
44,688783,西安奕材-U,54.15,-2.15,2272.0,4.94,-1.6,2558,7.46,-0.93,2467,8.82,半导体
45,688138,清溢光电,42.64,2.85,964.0,4.9,0.1,1636,8.86,-0.25,1989,16.31,半导体
46,688061,灿瑞科技,50.78,13.38,104.0,4.85,2.07,859,6.66,-1.33,2747,23.43,半导体
47,688459,哈铁科技,8.28,13.63,96.0,4.81,3.87,422,3.89,4.79,167,6.02,轨交设备Ⅱ
48,688120,华海清科,264.55,-0.5,1814.0,4.77,0.94,1259,16.61,1.77,846,41.67,半导体
49,688502,茂莱光学,608.82,3.15,913.0,4.75,3.1,575,17.12,6.58,58,39.09,光学光电子
50,688652,京仪装备,170.95,-4.5,2937.0,4.51,-3.72,3620,10.79,0.52,1499,24.83,半导体
51,688486,龙迅股份,58.82,11.42,153.0,4.31,2.78,649,3.57,2.81,469,16.04,半导体
52,688721,龙图光罩,54.63,7.21,366.0,4.22,1.14,1191,3.04,-1.65,2725,11.35,半导体
53,688231,隆达股份,34.34,4.22,741.0,4.06,-0.25,1843,-7.64,3.48,360,12.52,金属新材料
54,688523,航天环宇,51.83,8.93,248.0,3.85,-1.72,2617,-4.34,-5.67,4936,-2.7,航天装备Ⅱ
55,688012,中微公司,414.22,4.31,727.0,3.78,0.96,1249,15.06,2.76,524,36.65,半导体
56,688219,会通股份,12.49,4.69,671.0,3.65,-0.4,1934,1.38,-0.44,1946,10.04,塑料
57,688206,概伦电子,40.54,0.32,1545.0,3.6,-1.54,2524,5.57,-5.63,4918,1.15,软件开发
58,688175,高凌信息,25.17,-0.2,1743.0,3.54,-2.59,3064,-4.51,-2.65,3662,-1.14,军工电子Ⅱ
59,688386,泛亚微透,94.74,13.5,100.0,3.52,0.87,1288,0.25,-3.62,4163,17.27,塑料
60,688582,芯动联科,63.75,-2.87,2470.0,3.49,-4.55,3977,5.37,-0.2,1958,26.82,半导体
61,688352,颀中科技,21.26,3.86,797.0,3.45,0.26,1552,11.31,2.32,602,25.06,半导体
62,688270,ST臻镭,70.65,0.29,1533.0,3.43,-10.15,5345,-17.03,-6.51,5122,-10.92,半导体
63,688776,国光电气,57.6,-1.41,2055.0,3.37,-4.17,3811,-7.34,-1.78,3077,-1.64,军工电子Ⅱ
64,688376,美埃科技,104.79,10.09,199.0,3.22,8.9,47,33.35,4.52,203,35.41,环保设备Ⅱ
65,688785,恒运昌,450.0,-1.38,2042.0,3.21,3.54,486,11.11,4.3,227,21.04,其他电源设备Ⅱ
66,688036,传音控股,57.28,1.18,1330.0,3.11,2.96,608,7.05,1.29,1061,7.73,消费电子
67,688103,国力电子,60.22,1.73,1196.0,3.03,-0.25,1844,-6.84,-1.02,2549,-0.35,其他电子Ⅱ
68,688019,安集科技,276.66,-1.99,2223.0,3.02,-0.64,2044,12.47,-0.98,2519,20.05,电子化学品Ⅱ
69,688531,日联科技,171.75,4.95,630.0,3.02,-6.45,4669,-5.57,-6.5,5118,0.15,专用设备
70,688147,微导纳米,128.6,-5.27,3147.0,2.98,-2.65,3083,13.86,0.53,1493,43.22,半导体
71,688525,佰维存储,494.33,-3.32,2600.0,2.92,-2.37,2952,28.0,-0.19,1947,52.54,半导体
72,688200,华峰测控,467.4,-1.4,2048.0,2.78,3.07,580,24.64,1.3,1057,48.38,半导体
73,688035,德邦科技,96.7,-1.02,1953.0,2.76,-3.81,3657,-6.44,-1.43,2827,9.27,电子化学品Ⅱ
74,688022,ST瀚川,8.2,5.34,563.0,2.76,-9.0,5189,4.06,-7.88,5322,1.61,专用设备
75,688033,*ST天宜,6.25,4.81,649.0,2.63,-11.48,5437,-2.04,-11.55,5225,-4.29,轨交设备Ⅱ
76,688055,龙腾光电,5.52,-3.44,2635.0,2.6,-0.34,1890,4.55,-2.02,3264,24.32,光学光电子
77,688248,南网科技,66.96,-1.41,2054.0,2.53,0.98,1241,20.19,2.55,578,40.88,电网设备
78,688602,康鹏科技,7.35,5.72,510.0,2.51,-4.15,3800,-5.89,-0.76,2337,-1.47,化学制药
79,688539,高华科技,31.3,2.14,1103.0,2.42,-3.12,3314,-5.52,1.33,1047,3.81,元件
80,688418,震有科技,45.38,3.81,804.0,2.35,3.3,533,-1.65,3.35,367,9.96,通信设备
81,688450,光格科技,54.56,7.47,346.0,2.19,3.47,499,5.31,5.2,127,34.35,通用设备
82,688127,蓝特光学,98.03,8.8,253.0,2.16,3.95,411,9.56,4.72,176,22.52,光学光电子
83,688538,和辉光电-U,2.45,0.4,1514.0,2.08,-1.64,2576,4.26,-1.1,2601,8.89,光学光电子
84,688503,聚和材料,95.5,3.05,932.0,1.96,-4.86,4112,-3.12,-0.68,2283,2.91,光伏设备
85,688289,圣湘生物,14.14,11.47,151.0,1.95,-0.53,1992,0.5,-2.03,3000,0.43,医疗器械
86,688199,XD久日新,34.24,2.19,1094.0,1.9,1.32,1121,11.35,-1.98,3228,16.58,化学制品
87,688046,药康生物,22.83,-5.17,3121.0,1.87,-1.23,2350,19.34,0.13,1728,32.12,医疗服务
88,688811,有研复材,29.26,2.8,980.0,1.81,-5.03,4174,-0.54,-4.15,4394,0.83,金属新材料
89,688339,亿华通-U,19.35,4.5,704.0,1.79,-0.15,1801,-2.81,-0.7,2098,0.47,电池
90,688727,恒坤新材,64.06,-3.22,2573.0,1.73,2.45,724,9.86,-0.57,2205,11.37,半导体
91,688295,中复神鹰,56.9,4.71,668.0,1.7,-0.64,2042,11.24,-0.78,2361,13.75,化学纤维
92,688380,中微半导,62.79,-4.4,2917.0,1.7,-0.32,1878,26.39,0.0,1809,30.73,半导体
93,688385,复旦微电,64.9,8.63,262.0,1.68,2.32,775,8.17,2.56,530,21.74,半导体
94,688400,凌云光,66.06,4.14,754.0,1.63,0.74,1347,-4.39,0.87,1197,16.92,专用设备
95,688700,东威科技,94.5,0.47,1498.0,1.61,1.11,1200,-6.85,-2.53,3592,13.12,专用设备
96,688181,八亿时空,52.32,1.08,1350.0,1.59,0.66,1391,14.86,-1.18,2646,18.72,光学光电子
97,688646,ST逸飞,73.85,12.81,119.0,1.55,4.6,317,4.06,3.41,379,15.57,自动化设备
98,688106,金宏气体,35.4,-3.4,2627.0,1.55,-1.44,2457,16.95,-3.22,3963,6.95,电子化学品Ⅱ
99,688631,莱斯信息,44.78,-5.7,3273.0,1.54,-5.42,4318,-10.37,-0.95,2493,-5.79,软件开发
100,688072,拓荆科技,835.61,0.79,1421.0,1.53,1.03,1221,13.84,1.6,929,27.52,半导体
101,688636,智明达,34.88,2.34,1068.0,1.45,-6.0,4515,-9.1,-1.41,2807,-0.17,军工电子Ⅱ
102,688667,菱电电控,133.79,12.32,127.0,1.39,10.14,25,9.26,8.86,18,23.57,汽车零部件
103,688216,气派科技,40.01,8.21,291.0,1.37,3.99,403,2.07,-1.39,2795,2.01,半导体
104,688090,瑞松科技,108.79,4.83,644.0,1.35,3.55,483,9.36,-0.76,2139,36.71,自动化设备
105,688671,碧兴物联,33.74,-9.41,4260.0,1.32,2.31,780,9.62,4.6,191,43.88,环保设备Ⅱ
106,688123,聚辰股份,190.25,-7.78,3836.0,1.3,-1.34,2407,36.96,1.88,798,57.23,半导体
107,688073,毕得医药,49.53,4.36,720.0,1.29,2.87,627,9.14,1.27,1077,9.82,医疗服务
108,688627,精智达,647.0,1.21,1319.0,1.25,-1.02,2239,14.31,1.37,1030,56.91,通用设备
109,688207,格灵深瞳,19.16,10.86,178.0,1.22,-1.75,2636,-9.32,0.75,1245,6.03,IT服务Ⅱ
110,688456,有研粉材,149.86,-3.82,2751.0,1.13,-8.82,5162,-4.35,-6.21,5063,9.58,金属新材料
111,688396,华润微,85.59,-1.4,2050.0,1.03,0.91,1265,16.39,0.2,1681,35.9,半导体
112,688237,超卓航科,54.3,11.64,144.0,1.0,-4.25,3845,-4.9,-4.94,4397,16.05,航空装备Ⅱ
113,688141,杰华特,148.26,16.85,64.0,0.94,5.17,251,3.73,5.81,77,18.93,半导体
114,688378,奥来德,58.77,2.18,1097.0,0.93,-0.23,1832,3.14,-1.02,2546,28.74,光学光电子
115,688401,路维光电,90.01,-7.74,3825.0,0.91,-5.88,4476,10.96,-4.12,4379,14.27,半导体
116,688686,奥普特,156.08,-7.66,3809.0,0.87,-3.5,3508,-1.64,-1.56,2915,25.75,自动化设备
117,688075,安旭生物,30.55,-0.65,1866.0,0.86,0.98,1243,1.29,-0.57,2210,-3.23,医疗器械
118,688150,莱特光电,64.47,6.95,391.0,0.78,3.95,412,11.48,5.96,75,37.2,电子化学品Ⅱ
119,688521,芯原股份,340.56,2.85,966.0,0.74,3.07,580,24.29,4.09,258,48.22,半导体
120,688249,晶合集成,58.62,-2.23,2296.0,0.7,-0.43,1945,17.33,0.74,1357,54.63,半导体
121,688682,霍莱沃,38.47,0.66,1451.0,0.65,-5.41,4315,-11.22,-5.44,4867,-8.43,军工电子Ⅱ
122,688163,赛伦生物,44.47,-5.01,3076.0,0.61,-0.27,1851,-6.83,4.25,234,18.49,生物制品
123,688469,芯联集成-U,10.0,0.25,1555.0,0.6,-2.85,3178,14.81,-1.84,3124,41.24,半导体
124,688319,欧林生物,38.97,0.36,1526.0,0.57,-0.85,2148,9.16,-1.51,2877,10.74,生物制品
125,688100,威胜信息,30.37,9.16,234.0,0.53,-0.31,1876,-3.28,-0.75,2332,-1.07,通信设备
126,688557,兰剑智能,30.62,-5.49,3211.0,0.46,-1.22,2349,-4.1,-0.32,2049,8.81,通用设备
127,688053,ST思科瑞,36.04,11.37,154.0,0.45,2.91,618,-1.53,0.07,1618,2.82,军工电子Ⅱ
128,688009,中国通号,4.92,-1.51,2076.0,0.41,4.7,304,-0.2,4.01,271,1.03,轨交设备Ⅱ
129,688530,欧莱新材,87.96,-5.95,3349.0,0.41,-1.24,2354,33.45,-1.19,2651,31.17,半导体
130,688685,迈信林,53.88,4.51,698.0,0.39,-1.41,2449,17.31,-1.78,2822,25.16,航空装备Ⅱ
131,688728,格科微,15.71,-3.01,2515.0,0.38,-2.0,2773,9.32,-1.96,3212,18.39,半导体
132,688680,海优新材,41.34,2.09,1111.0,0.32,2.76,655,-7.31,1.05,1188,-3.14,光伏设备
133,688522,纳睿雷达,19.59,-4.28,2882.0,0.31,-5.05,4189,-4.02,-3.4,4050,1.93,军工电子Ⅱ
134,688683,莱尔科技,36.65,-7.62,3798.0,0.3,-6.59,4704,-10.65,-2.58,3616,-2.55,电子化学品Ⅱ
135,688131,皓元医药,91.44,0.31,1537.0,0.26,1.54,1017,5.87,1.28,1070,20.68,医疗服务
136,688078,龙软科技,20.53,-5.48,3206.0,0.24,-1.3,2391,-4.73,1.75,862,-7.31,软件开发
137,688146,中船特气,390.88,-5.52,3214.0,0.23,-5.53,4349,7.38,-4.23,4433,11.81,半导体
138,688708,佳驰科技,51.28,-6.13,3395.0,0.14,0.32,1528,-1.76,-0.54,2191,10.97,航空装备Ⅱ
139,688082,盛美上海,413.21,-6.42,3484.0,0.06,-3.05,3269,9.1,-1.26,2691,45.5,半导体
140,688056,莱伯泰科,69.02,-10.53,4509.0,0.06,-7.33,4890,-1.9,-2.76,3713,18.41,通用设备
141,688595,芯海科技,40.22,7.43,350.0,0.05,0.81,1315,0.55,-0.92,2464,10.46,半导体
142,688702,盛科通信-U,332.0,2.46,1044.0,0.04,0.63,1404,-1.48,2.92,479,25.7,半导体
143,688586,江航装备,11.37,-4.48,2931.0,0.0,-8.75,5150,-9.4,-5.02,4744,-2.74,航空装备Ⅱ
144,688239,航宇科技,56.4,-2.9,2480.0,-0.04,-1.12,2298,-4.03,1.02,1205,2.99,航空装备Ⅱ
145,688266,泽璟制药-U,107.34,0.22,1571.0,-0.15,-0.93,2189,19.68,-1.57,2918,17.38,化学制药
146,688777,中控技术,119.51,-7.16,3673.0,-0.16,-3.19,3349,-4.01,-0.96,2498,20.84,自动化设备
147,688371,菲沃泰,34.69,5.26,583.0,-0.17,-4.48,3945,-8.71,-2.91,3789,-8.76,电子化学品Ⅱ
148,688345,博力威,54.78,3.17,907.0,-0.18,-1.35,2417,4.01,-0.34,2061,15.37,电池
149,688577,浙海德曼,44.26,-13.55,4750.0,-0.18,-10.72,5071,-12.13,-7.31,4922,-3.95,通用设备
150,688420,美腾科技,21.05,-4.03,2814.0,-0.19,2.79,648,-6.73,1.37,1031,-6.36,专用设备
151,688670,金迪克,13.84,5.36,558.0,-0.22,1.46,1057,-3.08,-1.92,2929,-6.99,生物制品
152,688623,双元科技,99.8,1.34,1285.0,-0.5,2.38,750,6.36,-0.04,1853,8.48,自动化设备
153,688429,时创能源,10.01,-2.51,2378.0,-0.5,-2.38,2954,-5.39,-1.88,3159,-7.06,光伏设备
154,688606,奥泰生物,41.24,-3.97,2791.0,-0.51,-4.26,3855,-7.16,-4.56,4575,-12.03,医疗器械
155,688381,帝奥微,51.63,-2.69,2419.0,-0.52,-1.97,2757,7.56,1.92,783,25.93,半导体
156,688620,安凯微,14.17,-11.26,4338.0,-0.56,-2.53,2759,5.51,-1.64,2716,19.28,半导体
157,688187,时代电气,60.09,-2.69,2420.0,-0.6,-2.45,2977,2.37,-2.94,3808,9.69,轨交设备Ⅱ
158,688419,耐科装备,71.98,-6.44,3486.0,-0.66,-0.74,2096,3.94,-1.92,3189,30.68,半导体
159,688314,康拓医疗,35.98,-9.68,4318.0,-0.66,-11.31,5431,-9.26,-5.26,4824,-7.46,医疗器械
160,688757,胜科纳米,72.5,-6.72,3599.0,-0.68,-0.49,1978,13.46,1.06,1188,74.83,专业服务
161,688710,益诺思,64.84,-3.21,2572.0,-0.7,-1.22,2349,13.52,-0.91,2457,24.45,医疗服务
162,688543,国科军工,38.5,-5.79,3299.0,-0.72,-3.06,3280,-5.43,-2.29,3453,-3.97,地面兵装Ⅱ
163,688303,大全能源,17.66,-0.69,1886.0,-0.73,-5.1,4208,-8.02,-4.01,4343,-19.4,光伏设备
164,688556,高测股份,12.28,-4.56,2952.0,-0.73,2.28,792,0.66,2.79,511,14.77,光伏设备
165,688234,天岳先进,171.0,-6.3,3444.0,-0.74,1.86,921,14.61,2.64,549,35.79,半导体
166,688281,华秦科技,47.46,-1.95,2208.0,-0.84,-5.05,4190,-11.04,-2.12,3336,-2.59,航空装备Ⅱ
167,688220,翱捷科技-U,100.81,1.4,1274.0,-0.86,-3.85,3676,-0.3,0.15,1714,9.72,半导体
168,688552,航天南湖,27.72,-2.73,2436.0,-0.86,1.8,939,-3.55,0.3,1624,0.65,军工电子Ⅱ
169,688286,敏芯股份,102.58,-9.42,4262.0,-0.87,-0.44,1951,28.39,0.43,1542,63.34,半导体
170,688562,航天软件,14.76,-1.36,2036.0,-0.87,-12.62,5503,-9.61,-9.26,5451,-8.49,IT服务Ⅱ
171,688083,中望软件,57.83,0.42,1510.0,-0.87,-7.1,4833,-11.62,-2.16,3376,-6.47,软件开发
172,688370,XD丛麟科,20.87,11.76,142.0,-0.9,4.67,308,-7.9,11.53,6,2.91,环境治理
173,688300,联瑞新材,267.55,-1.38,2037.0,-0.9,-1.09,2280,-1.08,-0.93,2463,50.6,非金属材料Ⅱ
174,688578,艾力斯,94.2,0.84,1405.0,-0.95,1.79,943,10.82,0.68,1388,17.46,化学制药
175,688425,铁建重工,4.03,-13.37,4724.0,-0.98,-10.0,5008,-5.4,-6.18,4734,-3.36,工程机械
176,688570,天玛智控,13.95,-18.56,5132.0,-0.99,-7.62,4626,-6.94,-8.22,5028,-10.35,自动化设备
177,688291,金橙子,58.41,-1.2,1993.0,-1.0,1.05,1216,6.82,1.65,905,25.45,软件开发
178,688060,云涌科技,33.15,1.03,1366.0,-1.04,1.9,912,-6.51,1.27,1078,-8.65,计算机设备
179,688076,ST诺泰,26.43,-1.86,2182.0,-1.05,-4.59,3988,-3.65,-4.28,4458,-1.75,化学制药
180,688325,赛微微电,129.97,0.17,1586.0,-1.07,-5.95,4501,-8.74,-2.01,3258,-3.75,半导体
181,688290,景业智能,62.11,1.54,1240.0,-1.07,2.38,748,-11.65,3.11,436,0.78,自动化设备
182,688518,联赢激光,28.77,4.42,717.0,-1.07,1.67,985,-2.31,-0.37,2079,11.43,自动化设备
183,688479,友车科技,36.68,13.05,114.0,-1.08,0.75,1345,-2.21,1.4,1021,19.71,软件开发
184,688202,美迪西,70.7,-10.09,4409.0,-1.11,-3.16,3329,24.06,-0.97,2514,37.68,医疗服务
185,688657,浩辰软件,35.95,-7.95,3879.0,-1.13,-0.35,1903,-8.9,0.01,1803,-0.08,软件开发
186,688786,悦安新材,46.15,6.82,400.0,-1.14,-0.46,1962,-6.48,-0.69,2093,11.2,金属新材料
187,688347,华虹宏力,326.5,-8.09,3914.0,-1.17,-1.22,2342,17.53,3.08,445,47.5,半导体
188,688372,伟测科技,169.63,-3.34,2602.0,-1.18,-1.82,2677,3.02,-1.96,3216,12.05,半导体
189,688377,迪威尔,23.35,-3.8,2742.0,-1.18,-11.97,5472,-10.54,-8.64,5393,-6.94,专用设备
190,688568,中科星图,40.61,-6.49,3495.0,-1.19,-9.42,5249,-10.25,-6.32,5087,-8.49,IT服务Ⅱ
191,688210,统联精密,39.84,8.38,281.0,-1.21,2.64,686,-11.98,1.04,1096,-5.48,消费电子
192,688466,金科环境,13.03,-9.56,4293.0,-1.21,-5.04,4185,-8.56,-3.47,4087,-11.3,环境治理
193,688045,必易微,79.02,1.63,1213.0,-1.23,-0.33,1887,-0.04,3.64,327,13.05,半导体
194,688357,建龙微纳,27.53,-8.15,3933.0,-1.26,-0.58,2011,-3.13,0.61,1429,-0.36,化学制品
195,688332,中科蓝讯,155.0,-11.37,4360.0,-1.27,-0.92,1970,21.09,-0.93,2259,59.14,半导体
196,688569,铁科轨道,16.23,-12.71,4621.0,-1.28,-11.99,5148,-8.36,-1.75,2806,-6.99,轨交设备Ⅱ
197,688308,欧科亿,190.01,-7.24,3701.0,-1.29,-5.26,4265,0.77,-3.0,3840,33.81,通用设备
198,688362,甬矽电子,76.09,-2.08,2250.0,-1.32,0.0,1692,4.95,-0.32,2045,18.91,半导体
199,688032,禾迈股份,81.7,-5.68,3265.0,-1.33,-3.9,3694,-6.82,-1.02,2553,-5.72,光伏设备
200,688244,永信至诚,13.98,-4.58,2964.0,-1.34,-1.88,2708,-10.78,-5.03,4747,-7.78,软件开发
201,688311,盟升电子,25.37,-8.89,4141.0,-1.36,-8.76,5152,-9.39,-4.28,4456,-2.87,军工电子Ⅱ
202,688129,东来技术,26.14,2.92,954.0,-1.36,5.67,195,1.0,3.55,343,5.28,化学制品
203,688285,高铁电气,7.18,7.78,316.0,-1.37,-1.6,2562,-5.03,-0.59,2218,-4.65,轨交设备Ⅱ
204,688575,亚辉龙,8.65,6.49,425.0,-1.37,-8.82,5162,-6.08,-6.91,5189,-8.56,医疗器械
205,688213,思特威-W,95.68,-5.23,3137.0,-1.41,-7.16,4849,-6.49,-2.62,3640,9.1,半导体
206,688369,致远互联,19.16,-0.57,1833.0,-1.44,-2.58,3059,-12.35,-2.11,3324,-10.38,软件开发
207,688282,理工导航,58.05,-0.53,1821.0,-1.44,-7.95,4996,-11.39,-10.56,5524,-16.69,航天装备Ⅱ
208,688089,嘉必优,10.89,1.02,1368.0,-1.45,-0.45,1956,-4.22,-5.45,4868,-10.15,化学制品
209,688472,阿特斯,10.78,2.74,990.0,-1.46,1.85,923,-3.75,0.7,1373,-3.66,光伏设备
210,688217,睿昂基因,20.31,1.95,1148.0,-1.46,-0.03,1748,-9.05,-0.4,2103,-12.49,医疗器械
211,688526,科前生物,11.9,-0.16,1734.0,-1.49,-10.24,5361,-3.17,-7.87,5321,-2.3,动物保健Ⅱ
212,688612,威迈斯,28.23,0.64,1453.0,-1.53,-0.22,1829,-11.0,-0.59,2217,-10.86,汽车零部件
213,688391,钜泉科技,33.99,-6.1,3388.0,-1.54,-2.82,3168,2.75,-1.49,2861,16.28,半导体
214,688322,奥比中光-W,121.07,-10.94,4289.0,-1.57,-6.62,4399,-9.47,-3.33,3719,-2.76,光学光电子
215,688139,海尔生物,24.84,-16.63,5032.0,-1.58,-7.09,4513,-6.86,-2.84,3455,-4.72,医疗器械
216,688618,三旺通信,30.79,-2.8,2453.0,-1.6,-4.86,4117,-13.41,-1.26,2693,-2.25,通信设备
217,688130,晶华微,26.8,-2.01,2234.0,-1.62,-5.52,4350,-3.25,-2.09,3317,6.05,半导体
218,688334,西高院,18.12,-3.6,2679.0,-1.63,2.51,705,-2.95,1.34,1043,1.63,专业服务
219,688758,赛分科技,19.28,-4.22,2864.0,-1.63,0.04,1669,-3.16,1.66,900,1.42,化学制药
220,688107,安路科技,43.53,-6.05,3375.0,-1.67,0.1,1642,-0.62,1.93,783,10.54,半导体
221,688750,金天钛业,16.16,-3.94,2783.0,-1.7,-3.17,3336,-10.96,-0.13,1910,-0.25,小金属
222,688536,思瑞浦,346.84,-6.95,3624.0,-1.71,1.29,1135,1.71,4.31,224,22.68,半导体
223,688468,科美诊断,5.74,20.05,33.0,-1.71,3.75,447,-2.71,4.11,239,-3.85,医疗器械
224,688265,南模生物,31.82,0.11,1599.0,-1.73,5.59,209,-0.09,5.45,109,0.82,医疗服务
225,688020,方邦股份,227.43,-1.99,2225.0,-1.74,-2.0,2778,-3.63,-0.94,2483,27.77,元件
226,688558,国盛智科,30.95,0.29,1546.0,-1.75,-1.17,2321,-9.71,1.59,936,-3.46,通用设备
227,688186,广大特材,14.51,-5.7,3271.0,-1.76,-8.61,5118,-12.11,-7.78,5310,-14.9,特钢Ⅱ
228,688512,慧智微-U,14.54,-8.72,4100.0,-1.76,-5.62,4387,-4.53,-3.04,3860,6.05,半导体
229,688193,仁度生物,53.5,-24.34,5572.0,-1.78,-0.38,1924,-4.31,2.12,716,-0.04,医疗器械
230,688113,联测科技,35.32,-2.71,2429.0,-1.78,-2.42,2972,-8.54,-0.87,2427,-5.1,专用设备
231,688252,天德钰,22.52,-6.29,3443.0,-1.79,-1.25,2363,-0.79,0.48,1521,11.54,半导体
232,688087,XD英科再,32.22,3.31,874.0,-1.8,-1.85,2693,-16.29,1.35,1041,-17.13,塑料
233,688189,ST南新,5.96,-8.19,3941.0,-1.81,-4.68,4033,-5.99,6.9,53,-0.33,化学制药
234,688105,诺唯赞,15.61,-4.65,2976.0,-1.82,0.82,1310,-0.7,1.42,1010,11.18,生物制品
235,688271,联影医疗,99.64,-13.28,4707.0,-1.83,-4.91,3829,-3.71,-4.2,4101,-11.21,医疗器械
236,688480,赛恩斯,89.99,-0.69,1883.0,-1.84,-9.0,5190,-9.59,-5.59,4912,-0.66,环境治理
237,688153,唯捷创芯,30.39,-10.25,4443.0,-1.84,-6.24,4606,-5.06,-2.32,3473,1.13,半导体
238,688310,迈得医疗,15.48,8.51,270.0,-1.84,5.16,255,-10.31,0.84,1319,-8.94,自动化设备
239,688616,西力科技,10.14,-4.07,2824.0,-1.84,-4.38,3904,-5.5,-4.94,4720,-8.24,电网设备
240,688182,灿勤科技,43.55,-5.86,3322.0,-1.85,-8.07,5024,-2.22,-3.19,3940,25.36,通信设备
241,688428,诺诚健华,25.4,-0.57,1831.0,-1.85,1.18,1175,6.45,2.52,590,20.09,化学制药
242,688599,天合光能,13.81,8.31,287.0,-1.85,-2.05,2803,-4.56,0.01,1652,-3.29,光伏设备
243,688004,博汇科技,18.45,-1.1,1979.0,-1.86,-0.36,1907,-7.75,0.82,1324,-8.3,IT服务Ⅱ
244,688697,纽威数控,13.02,-13.52,4747.0,-1.88,-10.08,5015,-15.34,-4.75,4317,-7.33,通用设备
245,688230,芯导科技,72.56,-12.54,4598.0,-1.91,-4.29,3562,2.1,-4.1,4058,12.24,半导体
246,688565,力源科技,9.7,-0.61,1848.0,-1.92,4.11,383,-1.72,1.42,1012,-4.43,环境治理
247,688648,中邮科技,33.01,2.08,1117.0,-1.93,-5.89,4481,-10.08,-4.67,4613,-6.46,专用设备
248,688101,三达膜,16.14,-5.94,3348.0,-1.94,-5.17,4232,-5.56,-3.46,4083,-7.51,环境治理
249,688338,赛科希德,26.5,5.22,593.0,-1.96,5.39,225,10.23,4.63,175,10.55,医疗器械
250,688309,恒誉环保,57.48,-4.65,2977.0,-1.99,-4.34,3883,-12.68,-7.93,5325,-11.81,环保设备Ⅱ
251,688576,西山科技,38.93,0.41,1513.0,-2.01,2.01,885,-18.01,2.76,527,-12.32,医疗器械
252,688528,秦川物联,9.22,-3.79,2739.0,-2.02,-0.38,1923,-9.7,-0.43,2124,-11.52,通用设备
253,688273,麦澜德,37.43,-1.57,2094.0,-2.02,0.78,1330,-12.79,-0.78,2364,-7.81,医疗器械
254,688383,新益昌,192.05,-5.36,3176.0,-2.02,-1.98,2766,0.36,3.18,427,23.11,专用设备
255,688739,成大生物,19.26,1.46,1262.0,-2.03,-3.12,3315,-3.6,-2.63,3647,-4.08,生物制品
256,688050,爱博医疗,36.59,-11.61,4407.0,-2.03,-2.45,2716,-5.96,-1.77,2821,-7.72,医疗器械
257,688223,晶科能源,4.78,-0.22,1745.0,-2.05,-4.77,4067,-6.09,-4.63,4595,-6.09,光伏设备
258,688660,电气风电,8.56,6.51,423.0,-2.06,-5.04,4180,-9.03,-4.91,4381,-6.45,风电设备
259,688368,晶丰明源,220.88,-3.21,2571.0,-2.08,-2.3,2925,0.77,-0.8,2372,17.69,半导体
260,688529,豪森智能,15.49,-6.72,3557.0,-2.09,-1.7,2610,-10.72,0.33,1602,-7.25,专用设备
261,688496,*ST清越,0.93,12.55,125.0,-2.11,0.95,1254,5.68,-1.71,2767,-11.43,光学光电子
262,688084,晶品特装,46.4,0.49,1493.0,-2.11,-0.22,1830,-9.92,2.32,656,-2.13,军工电子Ⅱ
263,688278,特宝生物,53.0,-14.08,4812.0,-2.11,-1.17,2094,-5.05,3.2,394,-9.37,生物制品
264,688593,新相微,35.83,6.34,447.0,-2.13,6.33,159,8.05,3.32,397,23.72,半导体
265,688399,硕世生物,44.38,-5.09,3101.0,-2.16,-7.71,4963,-10.07,-4.05,4358,-11.33,医疗器械
266,688283,坤恒顺维,32.92,-10.04,4399.0,-2.17,-7.27,4874,-10.05,-1.9,3173,-5.94,通信设备
267,688196,卓越新能,36.12,5.28,575.0,-2.17,-2.55,3047,-6.18,-2.23,3412,-6.11,化学制品
268,688681,科汇股份,13.99,-0.16,1733.0,-2.17,1.34,1109,-6.55,0.5,1512,-7.84,电网设备
269,688132,邦彦技术,13.01,0.93,1388.0,-2.18,-3.03,3265,-7.93,-3.75,4220,-9.15,军工电子Ⅱ
270,688600,皖仪科技,29.65,-0.1,1722.0,-2.18,-4.47,3941,-2.47,-4.43,4522,12.35,通用设备
271,688729,XD屹唐股,36.33,-14.7,4869.0,-2.21,-3.53,3237,9.96,-1.71,2763,44.45,半导体
272,688092,爱科科技,21.25,-1.02,1955.0,-2.21,-6.02,4523,-5.93,-6.72,5158,-8.41,专用设备
273,688638,誉辰智能,31.32,1.28,1303.0,-2.22,2.8,644,-7.36,3.52,351,-5.66,电池
274,688355,XD明志科,16.33,-8.67,4083.0,-2.22,-1.1,2288,-7.58,1.12,1144,-5.61,通用设备
275,688162,巨一科技,23.13,-10.36,4469.0,-2.24,-1.25,2365,-11.0,-0.17,1939,-7.55,专用设备
276,688696,极米科技,62.71,-1.31,2021.0,-2.28,-3.24,3383,-8.22,-0.7,2295,-8.61,黑色家电
277,688135,利扬芯片,39.15,-9.18,4201.0,-2.3,-5.05,4188,-0.89,-1.99,3238,15.45,半导体
278,688560,明冠新材,11.91,-8.36,3994.0,-2.3,-10.17,5352,-12.94,-5.11,4777,-8.24,光伏设备
279,688591,泰凌微,32.46,-15.43,4936.0,-2.32,-9.99,5006,-7.81,-2.84,3454,9.96,半导体
280,688203,海正生材,10.11,-1.16,1986.0,-2.41,2.05,874,-11.93,3.56,339,-7.67,塑料
281,688389,普门科技,9.71,-4.49,2934.0,-2.41,-11.76,5457,-7.44,-7.77,5305,-9.59,医疗器械
282,688766,普冉股份,736.0,-4.4,2914.0,-2.41,1.69,982,24.75,4.29,229,89.9,半导体
283,688211,中科微至,32.08,-6.56,3515.0,-2.43,3.05,583,-3.95,2.0,755,-0.9,专用设备
284,688398,赛特新材,26.79,3.17,906.0,-2.44,6.24,166,-0.89,0.43,1544,-8.32,化学制品
285,688548,XD广钢气,39.16,-5.13,3113.0,-2.44,2.89,622,17.42,1.43,1002,19.61,电子化学品Ⅱ
286,688184,ST帕瓦,10.73,-8.52,4037.0,-2.45,-12.61,5502,-6.61,-4.96,4727,-3.94,电池
287,688067,爱威科技,20.25,0.38,1521.0,-2.46,2.25,804,-6.21,-0.3,2033,-8.5,医疗器械
288,688096,京源环保,13.85,3.21,902.0,-2.46,3.31,530,-3.08,0.66,1399,0.07,环境治理
289,688695,中创股份,18.52,0.1,1604.0,-2.47,-3.09,3294,-7.31,-0.85,2413,-7.68,软件开发
290,688191,智洋创新,34.45,-0.4,1791.0,-2.49,-4.9,4129,-11.96,-2.19,3388,2.65,电网设备
291,688506,百利天恒,266.16,0.69,1440.0,-2.51,2.02,878,16.01,3.1,440,21.88,生物制品
292,688573,信宇人,17.38,4.16,751.0,-2.52,0.0,1695,-9.95,1.9,793,-3.82,电池
293,688099,晶晨股份,98.24,-5.68,3263.0,-2.53,2.21,817,1.53,1.35,1039,9.55,半导体
294,688329,艾隆科技,20.34,-3.15,2556.0,-2.54,-0.97,2217,-12.18,1.76,855,-9.16,自动化设备
295,688579,地纬智能,7.67,-3.4,2628.0,-2.54,1.49,1036,-9.02,-1.77,3074,-7.14,软件开发
296,688058,宝兰德,20.95,0.45,1505.0,-2.56,-2.12,2843,-10.36,0.16,1709,-8.32,软件开发
297,688659,元琛科技,10.65,5.38,550.0,-2.56,5.07,268,1.33,4.95,140,12.46,化学制品
298,688348,昱能科技,33.64,4.56,687.0,-2.58,0.07,1657,-7.71,1.23,1096,-6.87,光伏设备
299,688755,汉邦科技,26.58,4.37,719.0,-2.64,1.22,1166,4.77,0.95,1260,8.76,专用设备
300,688296,和达科技,11.45,-12.13,4517.0,-2.64,-0.39,1748,-10.27,0.12,1593,-13.32,软件开发
301,688070,纵横股份,37.05,-7.06,3649.0,-2.65,1.8,941,-8.59,1.59,936,-2.5,航空装备Ⅱ
302,688585,上纬新材,149.78,-22.06,5222.0,-2.66,-10.58,5061,-7.17,-2.59,3334,-5.62,塑料
303,688015,交控科技,15.29,-4.8,3019.0,-2.67,-4.48,3950,-8.33,-3.39,4042,-7.11,轨交设备Ⅱ
304,688395,正弦电气,21.84,3.39,866.0,-2.67,-2.49,3007,-9.71,-1.32,2737,-9.71,自动化设备
305,688215,瑞晟智能,39.03,-3.38,2624.0,-2.67,-3.78,3647,-8.51,-6.04,5028,-10.85,自动化设备
306,688256,寒武纪,1464.82,0.47,1499.0,-2.67,0.67,1382,-2.83,0.64,1411,20.12,半导体
307,688513,苑东生物,41.82,0.17,1587.0,-2.68,1.29,1135,-7.09,0.22,1673,-8.65,化学制药
308,688410,山外山,13.7,-0.26,1759.0,-2.7,-0.69,2068,-5.58,-1.74,3050,-2.49,医疗器械
309,688222,成都先导,30.75,-16.4,5021.0,-2.72,-4.75,3757,11.7,-4.36,4170,23.89,医疗服务
310,688059,华锐精密,203.3,0.39,1524.0,-2.73,-2.36,2951,-1.27,-3.38,4041,17.51,通用设备
311,688439,振华风光,43.65,-4.33,2901.0,-2.74,-2.92,3211,-4.07,-0.96,2503,0.39,军工电子Ⅱ
312,688151,华强科技,14.83,-7.42,3741.0,-2.75,-1.68,2600,-7.31,-2.19,3391,-8.68,医疗器械
313,688443,智翔金泰-U,21.56,-3.93,2781.0,-2.75,1.11,1202,-1.33,-1.33,2744,-3.84,生物制品
314,688449,联芸科技,81.4,-10.49,4486.0,-2.75,-0.78,2109,7.35,1.21,1101,18.4,半导体
315,688796,百奥赛图,92.35,6.04,478.0,-2.77,0.15,1618,-1.91,0.28,1504,5.66,医疗服务
316,688236,春立医疗,14.06,-0.8,1905.0,-2.77,2.12,845,-7.26,1.79,840,-4.81,医疗器械
317,688726,拉普拉斯,51.8,-8.28,3971.0,-2.78,-7.55,4930,-7.3,-8.56,5388,-13.48,光伏设备
318,688021,奥福科技,19.72,0.27,1554.0,-2.81,0.43,1484,-7.94,-0.95,2495,-11.17,汽车零部件
319,688333,铂力特,102.01,0.2,1575.0,-2.83,-1.8,2665,-4.84,2.4,621,37.78,通用设备
320,688125,安达智能,157.4,-15.23,4918.0,-2.84,-14.84,5237,-17.4,-6.74,4839,-10.82,自动化设备
321,688205,德科立,213.3,-12.08,4504.0,-2.86,-12.0,5149,-15.49,-4.47,4220,-9.76,通信设备
322,688500,慧辰股份,45.17,16.25,68.0,-2.88,2.33,773,-13.23,1.05,1090,-12.97,IT服务Ⅱ
323,688607,康众医疗,47.0,-9.08,4180.0,-2.89,-8.33,5073,-13.76,-3.64,4168,-14.84,医疗器械
324,688379,华光新材,82.78,-11.08,4315.0,-2.91,-3.69,3310,-13.89,0.64,1300,1.82,通用设备
325,688592,司南导航,41.55,3.89,793.0,-2.92,-7.15,4847,1.96,-6.09,4713,10.89,通信设备
326,688247,XD宣泰医,7.31,1.2,1324.0,-2.92,-0.23,1837,-3.43,-9.14,5438,-6.4,化学制药
327,688515,裕太微-U,251.14,-8.53,4039.0,-2.92,-1.99,2769,5.17,0.15,1717,35.92,半导体
328,688559,海目星,79.07,8.59,265.0,-2.92,4.42,342,1.5,1.62,835,25.63,自动化设备
329,688366,昊海生科,28.8,-13.11,4679.0,-2.93,-2.95,2942,-4.48,-2.48,3285,-4.92,医疗器械
330,688080,映翰通,38.23,-7.42,3743.0,-2.94,-3.0,3249,-8.76,-3.74,4209,-5.14,通信设备
331,688717,艾罗能源,81.3,0.51,1486.0,-2.95,-0.72,2089,-8.85,-2.48,3567,-10.38,光伏设备
332,688016,心脉医疗,85.94,-9.4,4256.0,-2.96,-5.04,4186,-3.63,-6.77,5172,-5.99,医疗器械
333,688678,福立旺,21.13,-6.95,3607.0,-2.98,-5.45,4324,-11.85,-1.76,3056,3.58,消费电子
334,688337,普源精电,70.37,8.67,260.0,-2.99,5.3,233,-10.58,2.97,440,2.48,通用设备
335,688299,长阳科技,16.25,-4.01,2805.0,-2.99,-3.8,3655,-7.46,-1.16,2638,7.26,光学光电子
336,688010,福光股份,44.76,-6.02,3367.0,-3.01,-4.14,3795,-11.31,2.37,634,12.26,光学光电子
337,688653,康希通信,16.09,-5.32,3164.0,-3.01,-1.61,2564,4.48,-2.27,3433,15.76,半导体
338,688393,安必平,17.69,1.3,1295.0,-3.02,-0.87,2158,-8.34,0.16,1710,-8.25,医疗器械
339,688551,科威尔,73.52,4.51,699.0,-3.03,4.81,293,5.03,3.03,458,24.25,其他电源设备Ⅱ
340,688617,惠泰医疗,182.62,3.22,900.0,-3.03,-3.61,3557,-4.71,-4.36,4490,-8.53,医疗器械
341,688581,安杰思,50.63,-13.61,4756.0,-3.03,-1.45,2235,-4.15,-4.8,4337,-3.76,医疗器械
342,688458,美芯晟,40.21,-9.64,4309.0,-3.04,-4.18,3815,-3.29,-2.76,3712,6.54,半导体
343,688030,山石网科,15.32,5.66,524.0,-3.04,4.73,302,-9.88,1.01,1118,-4.96,软件开发
344,688722,同益中,15.57,-15.98,4981.0,-3.05,-6.36,4325,-8.84,-6.17,4730,-11.78,化学纤维
345,688317,之江生物,15.2,-26.89,5596.0,-3.06,-11.59,5446,-7.15,-8.18,5349,-10.01,医疗器械
346,688305,科德数控,61.6,-3.45,2641.0,-3.08,-3.84,3673,-12.0,-3.54,4126,-6.95,通用设备
347,688790,昂瑞微-UW,121.97,-18.36,5125.0,-3.09,-8.9,4850,-8.64,-0.08,1720,4.23,半导体
348,688356,键凯科技,71.85,7.9,309.0,-3.1,0.01,1690,3.07,-0.57,2209,5.46,化学制药
349,688161,XD威高骨,20.29,-8.59,4058.0,-3.1,-0.69,2069,-6.06,-0.74,2326,-6.02,医疗器械
350,688118,普元信息,19.96,-1.44,2065.0,-3.11,-0.99,2224,-8.9,0.05,1775,-5.54,软件开发
351,688571,杭华股份,8.09,-0.06,1712.0,-3.11,-5.94,4494,-13.01,-2.86,3758,-5.93,化学制品
352,688041,海光信息,349.09,-7.54,3768.0,-3.11,-0.89,2166,6.48,2.91,482,20.5,半导体
353,688201,ST信安,6.83,-13.34,4716.0,-3.12,-2.98,2957,-4.74,-3.82,3939,-4.74,软件开发
354,688625,呈和科技,91.75,-1.79,2167.0,-3.12,-1.07,2264,-2.91,-2.93,3802,14.12,化学制品
355,688069,德林海,36.87,-6.35,3463.0,-3.13,-3.89,3693,-10.77,-1.87,3154,-0.75,环境治理
356,688563,航材股份,47.85,-19.28,5156.0,-3.14,-10.07,5014,-6.69,-5.47,4553,-2.7,航空装备Ⅱ
357,688288,鸿泉技术,17.88,-8.39,4006.0,-3.14,-4.49,3955,-8.78,-2.77,3721,-7.6,计算机设备
358,688002,睿创微纳,144.15,-2.39,2346.0,-3.14,-5.15,4221,-2.44,-1.12,2617,10.2,军工电子Ⅱ
359,688320,禾川科技,37.05,7.62,332.0,-3.14,6.61,135,-4.14,2.4,576,3.12,自动化设备
360,688165,埃夫特-U,18.04,-18.21,5117.0,-3.17,-7.17,4539,-14.22,-0.69,2094,-5.55,自动化设备
361,688699,明微电子,74.79,-15.03,4901.0,-3.18,2.91,562,2.9,1.68,813,24.28,半导体
362,688276,百克生物,13.69,5.91,490.0,-3.18,-1.07,2267,-3.79,-2.82,3448,-5.52,生物制品
363,688373,盟科药业-U,4.23,-2.21,2294.0,-3.2,-6.07,4541,-8.64,-6.68,5151,-5.79,化学制药
364,688788,科思科技,44.13,11.76,141.0,-3.22,3.8,436,2.84,2.78,480,34.05,军工电子Ⅱ
365,688662,富信科技,178.0,-8.06,3906.0,-3.26,-2.27,2908,24.55,-1.37,2781,81.34,其他电子Ⅱ
366,688114,华大智造,48.82,0.54,1482.0,-3.27,-0.9,2175,-2.16,-1.17,2642,6.38,医疗器械
367,688173,希荻微,17.45,-6.52,3502.0,-3.27,-1.44,2459,0.35,-0.56,2198,12.0,半导体
368,688588,凌志软件,9.13,-9.53,4287.0,-3.28,-4.69,4038,-7.03,-1.4,2803,-3.49,软件开发
369,688508,芯朋微,82.6,-7.1,3660.0,-3.28,-2.26,2901,-8.32,-0.97,2515,-6.3,半导体
370,688081,兴图新科,42.31,-5.83,3312.0,-3.31,-12.2,5484,-14.23,-7.75,5303,-12.76,军工电子Ⅱ
371,688795,摩尔线程-U,676.86,-11.32,4351.0,-3.31,-1.29,2154,1.17,2.0,693,8.49,半导体
372,688330,宏力达,34.48,-5.74,3289.0,-3.34,-5.95,4502,-7.36,-2.57,3611,-2.98,电网设备
373,688188,柏楚电子,144.23,-6.61,3530.0,-3.36,-6.39,4646,-14.45,-2.6,3625,-7.07,计算机设备
374,688197,首药控股-U,31.31,-2.09,2258.0,-3.36,0.67,1389,-3.3,0.83,1322,-9.04,化学制药
375,688510,航亚科技,23.11,-5.52,3217.0,-3.39,-0.75,2101,-12.1,-2.31,3466,-9.34,航空装备Ⅱ
376,688232,新点软件,17.1,2.21,1092.0,-3.39,0.69,1377,-9.81,-1.23,2682,-7.17,软件开发
377,688259,创耀科技,36.45,-10.26,4448.0,-3.39,-8.18,5048,-6.97,-5.09,4768,0.77,半导体
378,688628,优利德,99.95,-9.24,4211.0,-3.39,0.34,1522,-5.78,1.54,966,12.56,通用设备
379,688185,康希诺,48.29,-0.92,1930.0,-3.4,-1.5,2501,-3.28,-3.43,4069,-2.27,生物制品
380,688029,南微医学,70.35,-1.49,2072.0,-3.43,-3.56,3531,0.37,-1.71,3023,-1.76,医疗器械
381,688235,百济神州,234.32,-5.4,3186.0,-3.46,4.82,291,7.38,2.51,594,12.65,化学制药
382,688622,*ST禾信,129.65,-8.21,3949.0,-3.46,-1.84,2692,-3.68,2.66,544,11.23,通用设备
383,688789,宏华数科,53.47,-8.48,4031.0,-3.47,6.99,114,0.24,5.84,82,12.88,专用设备
384,688229,博睿数据,75.06,-0.46,1797.0,-3.48,-1.01,2229,-13.43,0.33,1603,-8.53,IT服务Ⅱ
385,688619,罗普特,15.83,-0.39,1789.0,-3.48,-1.62,2569,-7.37,-2.06,3293,-0.06,计算机设备
386,688023,安恒信息,34.38,-4.42,2922.0,-3.48,-2.63,3078,-10.09,-4.31,4472,-7.36,软件开发
387,688580,伟思医疗,54.2,7.16,371.0,-3.51,7.26,96,1.4,8.89,16,15.03,医疗器械
388,688267,中触媒,19.47,-8.56,4049.0,-3.52,-2.93,3214,-16.29,1.0,1225,-10.85,化学制品
389,688819,天能股份,21.61,0.21,1573.0,-3.53,-9.35,5241,-12.05,-5.25,4823,-5.22,电池
390,688626,翔宇医疗,43.47,-8.41,4011.0,-3.53,-1.39,2438,-9.68,-0.82,2396,-6.36,医疗器械
391,688119,中钢洛耐,4.64,-8.85,4130.0,-3.53,4.97,274,-3.53,4.17,245,7.41,装修建材
392,688169,石头科技,92.53,-4.19,2859.0,-3.55,-5.74,4438,-4.87,-7.49,5275,-7.69,小家电
393,688122,西部超导,53.57,-8.67,4078.0,-3.55,-11.7,5452,-11.16,-4.45,4529,-0.24,航空装备Ⅱ
394,688718,唯赛勃,15.72,-0.25,1755.0,-3.56,-1.9,2720,-12.33,-0.82,2393,2.61,塑料
395,688177,百奥泰,16.18,-10.9,4583.0,-3.58,-4.96,4149,-5.16,-4.24,4439,-4.15,生物制品
396,688212,澳华内镜,28.55,-3.83,2749.0,-3.58,2.69,671,2.59,1.14,1136,1.17,医疗器械
397,688390,固德威,106.83,-8.74,4104.0,-3.58,1.18,1177,-6.71,2.32,655,-5.85,光伏设备
398,688351,微电生理,21.5,-8.58,4053.0,-3.59,-0.2,1820,-8.24,-1.61,2947,-12.07,医疗器械
399,688533,上声电子,20.59,-17.11,5063.0,-3.6,-6.83,4441,-10.09,-3.53,3817,-9.85,汽车零部件
400,688292,浩瀚深度,18.09,-7.95,3878.0,-3.62,-10.3,5368,-14.02,-5.42,4864,-8.64,计算机设备
401,688312,燕麦科技,90.53,-4.23,2869.0,-3.63,3.93,415,-2.24,3.1,439,16.47,专用设备
402,688326,XD经纬恒-W,67.51,-1.99,2229.0,-3.63,-3.66,3588,-10.14,-3.7,4191,-5.71,软件开发
403,688306,均普智能,8.97,-9.74,4329.0,-3.65,-5.56,4363,-14.0,-0.99,2529,7.17,自动化设备
404,688279,峰岹科技,201.27,-1.05,1964.0,-3.66,-2.84,3176,-3.79,1.61,922,-2.82,半导体
405,688137,近岸蛋白,33.94,4.73,666.0,-3.66,-0.88,2164,-5.67,-4.8,4657,-7.39,生物制品
406,688013,XD天臣医,24.66,1.63,1214.0,-3.67,-0.47,1972,-8.36,-1.95,3213,-6.41,医疗器械
407,688315,诺禾致源,12.06,-14.44,4850.0,-3.67,-5.69,4107,-3.44,-5.44,4543,-1.47,医疗服务
408,688047,龙芯中科,146.59,-9.87,4358.0,-3.67,-4.19,3820,0.07,0.13,1727,8.03,半导体
409,688007,光峰科技,12.31,-9.8,4346.0,-3.68,-2.55,3044,-6.81,-2.46,3555,-3.15,消费电子
410,688403,汇成股份,39.78,-4.98,3065.0,-3.68,-5.55,4360,32.38,-3.18,3939,57.86,半导体
411,688257,新锐股份,101.39,0.23,1567.0,-3.72,-0.62,2034,-6.56,-1.67,2987,30.83,通用设备
412,688489,三未信安,22.28,-5.99,3360.0,-3.72,-2.32,2932,-9.02,-1.24,2686,-1.68,计算机设备
413,688298,东方生物,17.57,-12.19,4526.0,-3.73,-7.81,4654,-8.68,-4.73,4311,-8.87,医疗器械
414,688613,奥精医疗,14.18,-11.37,4359.0,-3.73,-4.64,3715,-7.8,-1.5,2629,-10.2,医疗器械
415,688238,和元生物,5.16,-1.33,2026.0,-3.73,-4.83,4101,-7.03,-4.34,4478,-1.71,医疗服务
416,688152,麒麟信安,27.04,-8.42,4025.0,-3.77,-4.05,3759,-12.29,-2.13,3347,-7.52,软件开发
417,688011,新光光电,58.4,3.12,919.0,-3.79,4.36,352,-3.23,2.12,715,-0.98,军工电子Ⅱ
418,688246,嘉和美康,21.32,-9.12,4186.0,-3.79,-7.07,4819,-13.65,-4.27,4451,-11.13,软件开发
419,688052,纳芯微,272.8,4.63,683.0,-3.79,1.32,1124,2.33,-0.26,1828,14.95,半导体
420,688768,容知日新,52.72,4.66,676.0,-3.8,2.73,664,-3.87,0.81,1222,0.06,通用设备
421,688027,国盾量子,501.8,-11.7,4434.0,-3.81,-5.68,4101,-4.97,-2.32,3194,4.32,通信设备
422,688775,影石创新,132.74,-14.59,4864.0,-3.83,-9.25,4903,-9.95,-9.68,5152,-18.76,消费电子
423,688350,富淼科技,33.58,2.28,1080.0,-3.84,-2.48,3001,-2.92,-2.13,3346,5.5,化学制品
424,688475,萤石网络,26.0,-5.49,3210.0,-3.85,-2.94,3216,-4.76,0.19,1693,0.7,计算机设备
425,688183,生益电子,132.88,-7.84,3849.0,-3.85,-4.61,3997,-4.06,0.54,1480,14.39,元件
426,688545,兴福电子,120.84,-6.41,3478.0,-3.87,-2.09,2826,10.09,-2.94,3806,15.95,电子化学品Ⅱ
427,688798,艾为电子,67.83,-10.76,4522.0,-3.87,-6.02,4512,-4.51,-4.2,4412,5.52,半导体
428,688505,复旦张江,6.94,-9.03,4164.0,-3.88,-3.96,3728,-2.8,-1.14,2625,3.89,化学制药
429,688327,云从科技-UW,12.32,-8.91,4142.0,-3.9,-9.96,5326,-13.67,-5.91,4995,-5.45,IT服务Ⅱ
430,688363,华熙生物,34.24,-12.36,4559.0,-3.9,-3.19,3072,-3.41,-0.55,2011,-1.33,医疗美容
431,688797,C臻宝,552.0,-4.74,2998.0,-3.91,8.86,48,1138.78,8.86,20,1138.78,半导体
432,688608,恒玄科技,158.5,1.32,1289.0,-3.92,-1.51,2506,-0.5,0.88,1298,9.2,半导体
433,688709,成都华微,36.24,-8.71,4086.0,-3.95,0.83,1300,-1.12,1.42,1009,0.64,半导体
434,688088,XD虹软科,33.54,-11.75,4442.0,-3.95,-8.0,4688,-11.62,-5.11,4455,-5.68,IT服务Ⅱ
435,688609,九联科技,10.63,-2.52,2379.0,-3.97,-2.72,3122,-10.82,-3.81,4245,-2.39,黑色家电
436,688701,卓锦股份,7.46,0.0,1624.0,-3.99,9.33,40,-5.09,5.34,116,-11.92,环境治理
437,688589,力合微,19.56,-8.41,4010.0,-4.02,-3.07,3286,-5.73,-1.01,2544,1.5,半导体
438,688001,华兴源创,88.82,-8.61,4057.0,-4.02,1.7,977,9.53,3.92,285,48.03,通用设备
439,688601,力芯微,56.54,8.6,264.0,-4.02,-4.95,4146,-7.69,-0.26,1829,7.9,半导体
440,688488,艾迪药业,11.67,-5.92,3342.0,-4.03,-2.63,3075,-7.16,-1.49,2858,-7.82,生物制品
441,688065,凯赛生物,47.82,-12.5,4588.0,-4.05,-5.13,3906,7.97,-4.82,4349,6.27,化学制品
442,688262,国芯科技,40.53,-11.86,4459.0,-4.05,-4.86,3809,2.27,-2.37,3218,21.6,半导体
443,688085,三友医疗,11.5,4.14,756.0,-4.09,-2.01,2786,-5.12,-2.72,3403,-5.35,医疗器械
444,688277,天智航-U,16.38,-12.21,4527.0,-4.1,-6.06,4224,-13.2,2.06,676,-3.36,医疗器械
445,688597,煜邦电力,6.49,-5.71,3279.0,-4.14,-4.21,3830,-14.04,-1.87,3153,-20.37,电网设备
446,688498,源杰科技,1796.97,0.41,1512.0,-4.16,0.52,1448,7.39,0.58,1454,23.76,半导体
447,688633,星球石墨,29.42,-14.43,4849.0,-4.17,-4.54,3671,-6.48,0.15,1574,0.34,专用设备
448,688049,炬芯科技,43.36,-12.04,4496.0,-4.18,-7.88,4661,-5.2,-5.68,4614,6.96,半导体
449,688071,华依科技,32.73,-5.36,3174.0,-4.21,0.85,1296,-3.45,0.02,1796,5.61,专用设备
450,688799,华纳药厂,43.59,-22.46,5555.0,-4.22,-4.62,4006,-9.04,1.58,945,-5.3,化学制药
451,688091,上海谊众,39.09,3.52,847.0,-4.24,4.29,357,-4.21,-0.08,1881,-2.54,化学制药
452,688176,亚虹医药-U,9.25,-7.01,3635.0,-4.24,-7.07,4817,-9.14,-6.21,5060,-6.57,化学制药
453,688157,松井股份,24.99,-10.93,4288.0,-4.25,-4.12,3486,-12.9,-1.99,2973,-5.09,化学制品
454,688561,奇安信-U,22.4,-5.0,3069.0,-4.27,0.42,1488,-8.42,-1.35,2764,-6.28,软件开发
455,688225,亚信安全,11.86,-18.71,5136.0,-4.28,-7.67,4639,-12.67,-6.1,4716,-10.02,软件开发
456,688018,乐鑫科技,118.91,-4.67,2978.0,-4.28,-1.12,2297,-7.07,0.43,1541,5.75,半导体
457,688293,奥浦迈,38.03,-2.24,2301.0,-4.28,0.72,1361,-0.16,2.49,598,10.2,生物制品
458,688255,凯尔达,26.8,-5.16,3120.0,-4.29,-2.92,3210,-14.95,-2.63,3646,-10.4,自动化设备
459,688051,佳华科技,24.0,-4.68,2980.0,-4.31,-1.67,2593,-9.02,-3.1,3894,-10.11,IT服务Ⅱ
460,688331,荣昌生物,114.33,1.12,1341.0,-4.32,0.39,1503,-0.13,0.62,1424,8.69,生物制品
461,688098,申联生物,8.63,3.1,921.0,-4.32,3.61,470,1.53,2.55,581,6.81,动物保健Ⅱ
462,688484,南芯科技,50.67,-12.02,4492.0,-4.32,-4.79,3776,-5.61,-1.99,2969,22.84,半导体
463,688253,英诺特,58.17,11.62,145.0,-4.33,3.02,590,-0.9,5.5,103,3.51,医疗器械
464,688651,盛邦安全,31.77,-5.06,3094.0,-4.34,-6.48,4673,-10.63,-2.4,3517,0.22,软件开发
465,688816,易思维,56.61,-27.86,5598.0,-4.38,-14.73,5562,-10.53,-12.95,5576,-8.53,自动化设备
466,688268,华特气体,240.9,-8.32,3979.0,-4.4,0.02,1685,27.89,-3.32,4015,5.28,电子化学品Ⅱ
467,688693,锴威特,98.26,-5.64,3256.0,-4.42,-1.27,2372,-8.24,0.7,1376,2.5,半导体
468,688981,中芯国际,149.91,-12.08,4501.0,-4.43,0.02,1521,6.55,0.43,1414,17.67,半导体
469,688297,中无人机,40.86,-19.45,5165.0,-4.44,-6.13,4250,-9.82,-6.33,4764,-11.23,航空装备Ⅱ
470,688180,君实生物-U,29.94,3.38,868.0,-4.44,5.26,241,-0.5,4.59,192,1.73,生物制品
471,688687,凯因科技,15.08,-13.56,4752.0,-4.5,-5.06,3886,-6.8,-1.36,2536,-5.45,生物制品
472,688455,科捷智能,18.91,-15.72,4961.0,-4.54,1.58,908,-4.69,0.4,1435,1.89,自动化设备
473,688209,英集芯,24.77,-18.37,5122.0,-4.55,-8.51,4776,-3.28,-4.72,4304,13.62,半导体
474,688280,精进电动-W,5.44,-13.82,4787.0,-4.56,-12.26,5161,-12.12,-7.79,4986,-9.78,汽车零部件
475,688321,微芯生物,24.08,-5.89,3334.0,-4.56,-3.53,3517,-5.31,-2.99,3835,-2.11,化学制药
476,688017,绿的谐波,373.0,-11.24,4335.0,-4.6,-5.41,4000,-8.58,-4.6,4261,1.63,自动化设备
477,688261,东微半导,93.48,-14.48,4855.0,-4.61,-4.26,3550,-0.23,-2.88,3476,16.27,半导体
478,688478,晶升股份,82.8,-5.35,3170.0,-4.61,-0.3,1869,2.93,2.47,607,36.61,半导体
479,688690,纳微科技,43.31,-12.11,4514.0,-4.62,-1.38,2194,0.07,-0.07,1709,28.14,化学制药
480,688767,博拓生物,32.5,-8.93,4146.0,-4.69,-2.56,3053,-14.9,-3.65,4172,-15.28,医疗器械
481,688025,杰普特,474.82,-0.75,1895.0,-4.71,-0.57,2002,5.75,-0.06,1863,30.3,自动化设备
482,688630,芯碁微装,529.01,-4.01,2806.0,-4.77,-2.5,3011,5.38,-1.19,2653,34.37,专用设备
483,688719,爱科赛博,78.7,1.1,1307.0,-4.79,0.87,1272,-9.54,-0.84,2401,-6.93,其他电源设备Ⅱ
484,688509,正元地信,4.35,-10.61,4520.0,-4.81,0.03,1674,-8.61,-1.91,3181,-9.0,IT服务Ⅱ
485,688302,海创药业-U,33.19,-0.45,1803.0,-4.85,-1.34,2411,-6.64,-1.97,3223,-0.66,化学制药
486,688590,新致软件,12.49,-3.73,2715.0,-4.87,-2.73,3126,-13.56,1.95,773,-10.21,软件开发
487,688765,禾元生物-U,42.98,-17.16,5066.0,-4.87,-4.98,3850,-6.95,-3.47,3788,-4.49,生物制品
488,688269,凯立新材,31.77,-10.68,4535.0,-4.88,-2.15,2857,-9.2,1.09,1163,-2.55,化学制品
489,688566,吉贝尔,23.57,-8.22,3952.0,-4.88,-2.0,2779,-4.88,0.63,1422,-0.08,化学制药
490,688218,江苏北人,49.17,-6.06,3379.0,-4.89,-5.45,4328,-10.6,-0.49,2156,-6.57,自动化设备
491,688208,道通科技,24.42,-3.06,2527.0,-4.91,-4.77,4070,-11.46,-5.06,4755,-8.71,计算机设备
492,688160,步科股份,103.96,-5.31,3161.0,-4.91,-2.39,2960,-7.25,-1.43,2822,-2.84,自动化设备
493,688802,沐曦股份-U,732.6,-21.13,5206.0,-4.92,-2.07,2556,-4.84,0.15,1577,2.89,半导体
494,688809,强一股份,582.0,-2.93,2488.0,-4.93,-3.89,3690,-6.88,-2.89,3780,-0.54,半导体
495,688621,阳光诺和,50.69,5.37,555.0,-4.93,-0.91,2177,-3.26,0.8,1227,5.45,医疗服务
496,688567,孚能科技,10.03,-2.17,2281.0,-4.93,-4.87,4120,-10.13,-5.96,5009,-6.7,电池
497,688128,中国电研,23.44,-5.71,3282.0,-4.95,-5.64,4398,-12.44,-2.18,3383,-2.01,专用设备
498,688692,达梦数据,232.5,-0.35,1782.0,-4.95,-4.54,3975,-14.3,-1.82,3113,-8.46,软件开发
499,688698,伟创电气,49.65,-17.64,5096.0,-4.98,-9.29,4909,-16.88,-5.28,4506,-13.95,自动化设备
500,688778,XD厦钨新,52.64,-12.82,4636.0,-4.98,-7.09,4511,-13.24,-3.82,3938,-4.29,电池
501,688365,光云科技,15.56,-7.13,3666.0,-5.01,-6.99,4796,-14.6,-6.22,5062,-12.34,IT服务Ⅱ
502,688711,宏微科技,39.8,-12.56,4596.0,-5.01,-1.31,2161,-1.34,0.36,1452,14.93,半导体
503,688172,燕东微,79.77,-1.25,2008.0,-5.02,2.05,870,6.35,3.26,410,26.16,半导体
504,688658,悦康药业,12.47,-12.42,4577.0,-5.03,-3.13,3038,-5.39,-2.81,3444,-6.45,化学制药
505,688155,先惠技术,74.52,-3.3,2597.0,-5.05,-1.91,2724,-10.65,1.85,817,-0.68,电池
506,688228,开普云,76.73,-11.43,4371.0,-5.07,-6.15,4260,-11.56,-6.57,4808,-6.99,IT服务Ⅱ
507,688221,前沿生物-U,19.8,-0.87,1915.0,-5.08,3.84,426,6.17,2.76,525,12.24,化学制药
508,688068,热景生物,75.54,-3.73,2718.0,-5.09,0.71,1369,-2.57,-2.12,3339,-4.32,医疗器械
509,688793,倍轻松,16.08,-0.99,1947.0,-5.13,1.51,1028,-4.63,0.94,1263,-8.43,小家电
510,688166,博瑞医药,34.59,-10.21,4432.0,-5.15,-7.1,4832,-19.95,-7.33,5249,-22.79,化学制药
511,688583,思看科技,89.39,-11.96,4480.0,-5.2,-2.09,2572,-12.65,-2.77,3429,11.46,通用设备
512,688133,泰坦科技,21.15,-7.35,3725.0,-5.2,1.43,1073,3.37,1.3,1056,13.28,化学制品
513,688112,鼎阳科技,70.06,-7.96,3881.0,-5.21,-0.61,2029,-10.19,1.45,992,-3.51,通用设备
514,688629,华丰科技,145.8,-7.3,3710.0,-5.25,-7.13,4841,-7.72,-3.44,4069,2.68,军工电子Ⅱ
515,688611,杭州柯林,71.04,16.13,70.0,-5.25,3.33,526,-9.62,1.2,1020,-2.55,电网设备
516,688805,健信超导,41.7,-22.13,5225.0,-5.29,-5.46,4024,-13.99,-6.08,4713,-11.09,医疗器械
517,688095,福昕软件,56.2,-11.77,4447.0,-5.31,-11.78,5133,-15.48,-10.11,5177,-13.8,软件开发
518,688691,灿芯股份,103.76,-8.1,3918.0,-5.33,-0.47,1967,-2.65,-0.59,2216,10.56,半导体
519,688111,金山办公,201.72,-14.02,4805.0,-5.34,-6.44,4345,-7.2,-5.51,4560,-3.74,软件开发
520,688716,中研股份,30.24,1.19,1328.0,-5.35,-1.05,2258,-11.97,-0.56,2202,-6.55,塑料
521,688416,恒烁股份,130.19,-5.37,3179.0,-5.36,1.7,973,16.53,4.53,201,51.79,半导体
522,688117,圣诺生物,23.54,-14.82,4887.0,-5.39,-2.09,2571,-0.76,-1.44,2587,8.98,生物制品
523,688707,振华新材,12.61,-4.27,2880.0,-5.4,0.3,1535,-10.12,-0.03,1843,-6.52,电池
524,688388,嘉元科技,42.73,-7.17,3680.0,-5.44,-5.44,4322,-9.43,-5.19,4803,18.76,电池
525,688008,澜起科技,263.94,-10.33,4463.0,-5.45,-4.42,3920,-2.21,-1.75,3053,15.41,半导体
526,688038,中科通达,17.32,1.44,1265.0,-5.46,-1.44,2460,-17.09,-5.34,4841,-19.55,软件开发
527,688737,中自科技,20.13,-7.49,3756.0,-5.49,-3.62,3563,-24.21,-1.44,2827,-18.57,汽车零部件
528,688485,九州一轨,63.33,-15.4,4933.0,-5.56,-1.78,2404,-6.73,-0.78,2160,20.84,轨交设备Ⅱ
529,688109,品茗科技,73.42,-6.16,3405.0,-5.59,-0.94,2199,-11.32,-0.62,2245,-5.76,软件开发
530,688159,有方科技,42.83,-19.53,5168.0,-5.6,-7.7,4644,-12.59,1.07,1081,1.23,通信设备
531,688192,迪哲医药-U,36.85,0.68,1442.0,-5.63,2.62,689,-2.92,0.59,1441,-0.7,化学制药
532,688179,阿拉丁,25.15,-7.1,3659.0,-5.63,0.88,1279,13.08,0.21,1675,24.63,化学制品
533,688615,合合信息,108.89,-8.24,3959.0,-5.65,-5.13,4215,-11.35,-2.82,3740,-3.82,软件开发
534,688360,德马科技,17.78,-20.46,5194.0,-5.68,-13.22,5197,-15.73,-12.44,5242,-14.85,通用设备
535,688063,派能科技,52.74,-12.53,4593.0,-5.69,-7.49,4601,-10.99,-2.14,3075,-1.42,电池
536,688251,井松智能,26.04,2.03,1126.0,-5.69,9.78,31,2.92,8.25,26,10.43,IT服务Ⅱ
537,688108,赛诺医疗,18.22,-4.61,2970.0,-5.74,-4.68,4029,-9.62,-0.09,1887,-6.52,医疗器械
538,688411,海博思创,260.02,-6.8,3577.0,-5.75,-8.5,5099,-7.47,-1.49,2859,7.76,其他电源设备Ⅱ
539,688435,英方软件,29.73,-21.7,5220.0,-5.77,-12.41,5167,-15.3,-11.58,5227,-18.35,软件开发
540,688336,三生国健,41.9,-3.93,2778.0,-5.84,3.17,556,4.36,2.42,616,11.5,生物制品
541,688258,卓易信息,114.35,-2.34,2332.0,-5.86,-11.31,5430,-11.1,-7.71,5298,-4.55,IT服务Ⅱ
542,688316,青云科技-U,52.52,-21.31,5212.0,-5.88,-4.64,3713,-13.25,-3.22,3670,-5.74,IT服务Ⅱ
543,688031,星环科技-U,108.47,-11.41,4368.0,-5.9,-11.49,5114,-14.83,-4.94,4396,-12.74,软件开发
544,688520,神州细胞,32.91,-5.09,3103.0,-5.94,0.67,1388,-3.66,0.4,1560,-0.63,生物制品
545,688517,金冠电气,16.16,-12.29,4544.0,-5.94,-3.81,3363,-14.5,-1.05,2348,-7.82,电网设备
546,688779,五矿新能,7.93,-13.29,4708.0,-6.04,-5.09,3893,-9.99,-4.74,4312,-5.82,电池
547,688307,中润光学,75.67,-2.63,2408.0,-6.05,2.42,736,0.12,5.14,130,19.69,计算机设备
548,688676,金盘科技,82.28,-2.91,2483.0,-6.12,-5.53,4352,-11.05,-3.98,4329,1.97,电网设备
549,688598,金博股份,50.98,-6.78,3568.0,-6.15,-6.93,4780,-14.68,-2.53,3593,47.38,非金属材料Ⅱ
550,688171,纬德信息,44.1,-7.52,3767.0,-6.15,-1.5,2501,-9.39,-1.19,2656,0.73,软件开发
551,688062,迈威生物-U,26.0,-4.0,2800.0,-6.2,0.13,1625,-5.18,-0.81,2379,-4.52,化学制药
552,688167,炬光科技,354.27,-8.05,3907.0,-6.2,-2.68,3103,-9.85,-4.83,4674,4.55,半导体
553,688679,通源环境,41.96,-18.54,5131.0,-6.23,-12.23,5160,-15.33,-10.43,5194,-21.13,环境治理
554,688733,壹石通,39.35,-6.57,3516.0,-6.29,-0.34,1892,-12.36,1.18,1117,-2.41,电池
555,688116,天奈科技,37.56,-0.91,1927.0,-6.33,-3.94,3712,-9.91,-3.37,4032,1.08,电池
556,688353,华盛锂电,110.98,-19.65,5175.0,-6.35,-7.45,4592,-6.95,-2.71,3397,36.61,电池
557,688301,奕瑞科技,105.87,0.67,1446.0,-6.43,-1.34,2409,-12.17,2.01,751,-10.24,医疗器械
558,688408,中信博,33.06,-2.94,2495.0,-6.43,5.92,182,9.54,5.03,138,13.53,光伏设备
559,688343,云天励飞-U,71.01,-9.43,4263.0,-6.49,-1.34,2409,-6.11,3.09,442,14.35,IT服务Ⅱ
560,688382,益方生物-U,16.1,-8.09,3915.0,-6.56,-1.07,2263,-6.34,0.06,1766,-2.48,化学制药
561,688787,海天瑞声,131.26,-3.72,2712.0,-6.58,-8.89,5170,-17.65,-4.89,4696,-14.21,IT服务Ⅱ
562,688006,杭可科技,35.75,-13.29,4709.0,-6.61,-1.3,2156,-3.66,-0.6,2036,9.56,电池
563,688813,泰金新能,227.6,-8.17,3932.0,-6.64,-0.8,2121,19.5,-2.25,3425,58.94,专用设备
564,688499,利元亨,45.2,9.09,239.0,-6.65,6.65,132,-3.81,1.37,1027,8.63,电池
565,688097,博众精工,59.2,-12.05,4489.0,-6.79,-5.09,3892,-16.6,-1.44,2576,-6.87,自动化设备
566,688227,品高股份,98.73,-9.46,4268.0,-6.86,7.07,111,-3.49,2.85,493,8.29,IT服务Ⅱ
567,688610,埃科光电,229.11,-0.2,1744.0,-6.87,1.69,983,-1.4,-0.64,2261,-4.96,通用设备
568,688553,汇宇制药-W,9.94,-2.9,2479.0,-6.93,-1.33,2401,-8.64,0.13,1725,-6.14,化学制药
569,688158,优刻得-W,34.25,-16.34,5014.0,-7.01,-5.64,4082,-11.34,-1.08,2365,-0.95,IT服务Ⅱ
570,688358,祥生医疗,29.94,-21.2,5209.0,-7.02,-3.09,3015,-7.02,-0.81,2179,-0.73,医疗器械
571,688195,腾景科技,189.74,-22.62,5559.0,-7.04,-10.48,5381,-10.73,-4.52,4553,-0.82,光学光电子
572,688039,当虹科技,36.42,-20.2,5191.0,-7.04,-4.86,3812,-17.23,-2.87,3474,-10.84,IT服务Ⅱ
573,688781,视涯科技-UW,48.9,-11.66,4422.0,-7.12,-3.83,3372,-3.7,-3.96,4008,1.68,光学光电子
574,688668,鼎通科技,373.3,-13.93,4795.0,-7.12,-6.43,4347,-13.16,-4.24,4120,-9.15,通信设备
575,688178,万德斯,33.59,-6.24,3430.0,-7.21,-1.29,2385,-11.65,1.23,1093,-13.67,环境治理
576,688057,金达莱,13.29,2.18,1098.0,-7.39,3.41,509,-0.23,1.27,1075,0.0,环境治理
577,688549,中巨芯-U,32.0,-10.19,4431.0,-7.51,-4.08,3771,-7.97,-1.47,2842,6.49,电子化学品Ⅱ
578,688511,天微电子,29.22,-15.3,4924.0,-7.53,-5.63,4079,-5.38,-5.18,4480,17.49,军工电子Ⅱ
579,688655,迅捷兴,50.22,-8.22,3950.0,-7.62,-1.48,2490,-11.65,1.37,1028,6.87,元件
580,688323,瑞华泰,64.11,-14.86,4893.0,-7.62,-1.82,2422,4.24,-1.69,2753,59.68,塑料
581,688367,工大高科,33.05,-10.17,4425.0,-7.68,-5.3,4277,-11.08,-4.46,4536,-5.08,轨交设备Ⅱ
582,688148,芳源股份,8.13,-14.7,4868.0,-7.93,-3.78,3346,-10.36,-2.01,2981,0.0,电池
583,688661,和林微纳,145.77,-7.91,3868.0,-7.96,-3.12,3312,-7.86,0.81,1328,9.44,半导体
584,688712,北芯生命,34.78,-25.24,5587.0,-8.01,-9.8,5303,-10.59,-4.93,4712,-5.15,医疗器械
585,688226,威腾电气,41.05,-7.14,3670.0,-8.02,-7.07,4818,-12.17,-3.54,4123,-2.59,电网设备
586,688275,万润新能,124.6,-11.39,4364.0,-8.13,-0.38,1736,-8.42,3.07,417,2.43,电池
587,688318,财富趋势,73.86,-13.48,4738.0,-8.33,1.34,1000,1.19,-0.1,1734,14.69,软件开发
588,688198,佰仁医疗,75.95,-19.62,5171.0,-8.33,-3.18,3065,-12.85,-0.41,1932,-9.23,医疗器械
589,688820,盛合晶微,192.95,-19.35,5159.0,-8.34,-5.47,4025,3.96,-4.65,4286,12.18,半导体
590,688501,青达环保,20.39,5.23,588.0,-8.36,-2.22,2889,-5.99,-4.31,4471,-9.34,环保设备Ⅱ
591,688800,瑞可达,93.9,-10.43,4478.0,-8.39,-2.04,2800,-3.41,-0.5,2163,19.01,其他电子Ⅱ
592,688313,仕佳光子,182.78,-17.12,5064.0,-8.58,-2.19,2610,4.18,-1.01,2319,20.65,通信设备
593,688077,大地熊,26.43,-9.6,4301.0,-8.64,-4.72,4054,-13.88,-0.27,2008,-2.4,金属新材料
594,688335,复洁科技,25.34,-10.23,4438.0,-8.65,-3.24,3379,-25.65,-0.66,2275,-12.71,环境治理
595,688639,华恒生物,15.58,-6.23,3424.0,-9.0,-2.24,2896,-25.35,-4.34,4477,-24.37,化学制品
596,688677,海泰新光,103.6,-6.59,3523.0,-9.03,0.16,1613,-12.71,-0.41,2109,-7.49,医疗器械
597,688807,优迅股份,401.7,-7.45,3746.0,-9.32,3.66,459,-10.69,4.55,199,-0.36,半导体
598,688048,长光华芯,400.57,-13.99,4803.0,-9.33,-2.18,2605,2.43,-1.73,2781,10.88,半导体
599,688759,必贝特-U,28.65,-13.25,4704.0,-9.36,-3.47,3208,-6.07,-2.64,3368,-1.55,化学制药
600,688143,长盈通,216.94,-7.87,3857.0,-9.87,0.62,1410,-0.49,-2.25,3423,12.6,通信设备
601,688433,华曙高科,91.64,-29.24,5601.0,-9.91,-8.01,5006,-26.7,-6.93,5193,-1.2,通用设备
602,688190,云路股份,90.92,-13.48,4740.0,-9.98,-3.61,3268,-15.75,-1.76,2816,-9.69,金属新材料
603,688005,容百科技,29.5,-16.16,4999.0,-10.06,-4.84,3798,-10.01,-4.57,4256,-5.72,电池
604,688635,长进光子,422.37,-21.33,5213.0,-10.71,-9.3,4912,-15.3,-4.55,4249,-5.3,通信设备
605,688136,科兴制药,18.2,1.57,1226.0,-11.91,2.59,692,-0.49,0.05,1770,-0.16,生物制品
606,688026,洁特生物,14.7,-12.09,4510.0,-12.13,-2.97,2950,-2.65,0.36,1455,14.49,医疗器械
607,688808,联讯仪器,2290.2,0.08,1602.0,-15.18,0.29,1539,-3.49,0.26,1646,4.01,通用设备
608,688689,XD银河微,,,,,,1721,0.0,,1828,0.0,半导体
609,688260,昀冢科技,,,,,0.93,1262,11.6,-0.4,2103,51.26,消费电子
610,688121,卓然股份,,,,,,1719,0.0,,1831,0.0,专用设备
